{
"type": "FeatureCollection",
"name": "kabasti_MZs",
"crs": { "type": "name", "properties": { "name": "urn:ogc:def:crs:OGC:1.3:CRS84" } },
"features": [
{ "type": "Feature", "properties": { "fid": 1, "Rbr": 1, "week": 24, "mz_num": 1, "mz": "Дунав", "mz:sr": "Dunav", "mz:hu": "Duna", "mz:sk": "Dunaj", "mz:en": "Dunav", "position": "Код кула на Београдском кеју", "position:sr": "Kod kula na Beogradskom keju", "position:hu": "A Belgrád rakparti tornyoknál", "position:sk": "Pri vežiach na Belehradskom nábreží", "position:en": "Near the towers on the Belgrade Quay", "date_from": "10.06.2026.", "date_to": "11.06.2026.", "date_from:sr": "10.06.2026.", "date_to:sr": "11.06.2026.", "date_from:hu": "2026.06.10", "date_to:hu": "2026.06.11", "date_from:sk": "10.06.2026", "date_to:sk": "11.06.2026", "date_from:en": "10/06/2026", "date_to:en": "11/06/2026" }, "geometry": { "type": "Point", "coordinates": [ 19.855789581484395, 45.261081437219225 ] } },
{ "type": "Feature", "properties": { "fid": 2, "Rbr": 2, "week": 24, "mz_num": 1, "mz": "Дунав", "mz:sr": "Dunav", "mz:hu": "Duna", "mz:sk": "Dunaj", "mz:en": "Dunav", "position": "Угао улица Жарка Васиљевића и Стевана Милованова", "position:sr": "Ugao ulica Žarka Vasiljevića i Stevana Milovanova", "position:hu": "A Žarko Vasiljević és a Stevan Milovanov utcák sarka", "position:sk": "Roh ulíc Žarka Vasiljevića a Stevana Milovanova", "position:en": "Corner of Žarka Vasiljevića and Stevana Milovanova streets", "date_from": "10.06.2026.", "date_to": "11.06.2026.", "date_from:sr": "10.06.2026.", "date_to:sr": "11.06.2026.", "date_from:hu": "2026.06.10", "date_to:hu": "2026.06.11", "date_from:sk": "10.06.2026", "date_to:sk": "11.06.2026", "date_from:en": "10/06/2026", "date_to:en": "11/06/2026" }, "geometry": { "type": "Point", "coordinates": [ 19.85232778658202, 45.258683499118767 ] } },
{ "type": "Feature", "properties": { "fid": 3, "Rbr": 3, "week": 24, "mz_num": 2, "mz": "Житни трг", "mz:sr": "Žitni Trg", "mz:hu": "Zsitni tér", "mz:sk": "Žitné námestie", "mz:en": "Žitni Trg", "position": "Браће Јовандић иза броја 5", "position:sr": "Braće Jovandić iza broja 5", "position:hu": "A Braće Jovandić utca 5. szám mögött", "position:sk": "Ulica Braće Jovandić za číslom 5", "position:en": "Braće Jovandić street, behind number 5", "date_from": "10.06.2026.", "date_to": "11.06.2026.", "date_from:sr": "10.06.2026.", "date_to:sr": "11.06.2026.", "date_from:hu": "2026.06.10", "date_to:hu": "2026.06.11", "date_from:sk": "10.06.2026", "date_to:sk": "11.06.2026", "date_from:en": "10/06/2026", "date_to:en": "11/06/2026" }, "geometry": { "type": "Point", "coordinates": [ 19.834759612602735, 45.25918509090728 ] } },
{ "type": "Feature", "properties": { "fid": 4, "Rbr": 4, "week": 24, "mz_num": 2, "mz": "Житни трг", "mz:sr": "Žitni Trg", "mz:hu": "Zsitni tér", "mz:sk": "Žitné námestie", "mz:en": "Žitni Trg", "position": "Угао улица Војводе Шупљикца и Ђурђа Бранковића", "position:sr": "Ugao ulica Vojvode Šupljikca i Đurđa Brankovića", "position:hu": "A Vojvode Šupljikca és a Đurđe Branković utcák sarka", "position:sk": "Roh ulíc Vojvode Šupljikca a Đurđa Brankovića", "position:en": "Corner of Vojvode Šupljikca and Đurđa Brankovića streets", "date_from": "10.06.2026.", "date_to": "11.06.2026.", "date_from:sr": "10.06.2026.", "date_to:sr": "11.06.2026.", "date_from:hu": "2026.06.10", "date_to:hu": "2026.06.11", "date_from:sk": "10.06.2026", "date_to:sk": "11.06.2026", "date_from:en": "10/06/2026", "date_to:en": "11/06/2026" }, "geometry": { "type": "Point", "coordinates": [ 19.838960192298167, 45.260647532914405 ] } },
{ "type": "Feature", "properties": { "fid": 5, "Rbr": 5, "week": 24, "mz_num": 3, "mz": "Стари град", "mz:sr": "Stari Grad", "mz:hu": "Belváros", "mz:sk": "Staré mesto", "mz:en": "Stari Grad", "position": "Угао улица Војводе Путника и Иве Лоле Рибара", "position:sr": "Ugao ulica Vojvode Putnika i Ive Lole Ribara", "position:hu": "A Vojvode Putnika és az Iva Lola Ribar utcák sarka", "position:sk": "Roh ulíc Vojvode Putnika a Ive Lole Ribara", "position:en": "Corner of Vojvode Putnika and Ive Lole Ribara streets", "date_from": "10.06.2026.", "date_to": "11.06.2026.", "date_from:sr": "10.06.2026.", "date_to:sr": "11.06.2026.", "date_from:hu": "2026.06.10", "date_to:hu": "2026.06.11", "date_from:sk": "10.06.2026", "date_to:sk": "11.06.2026", "date_from:en": "10/06/2026", "date_to:en": "11/06/2026" }, "geometry": { "type": "Point", "coordinates": [ 19.853090462188746, 45.255443191717056 ] } },
{ "type": "Feature", "properties": { "fid": 6, "Rbr": 6, "week": 24, "mz_num": 4, "mz": "Прва војвођанска бригада", "mz:sr": "Prva vojvođanska brigada", "mz:hu": "Első Vajdasági Dandár", "mz:sk": "Prvá vojvodinská brigáda", "mz:en": "Prva vojvođanska brigada", "position": "Радничка 17-19", "position:sr": "Radnička 17-19", "position:hu": "Radnička utca 17-19.", "position:sk": "Radnička 17 - 19", "position:en": "17-19 Radnička street", "date_from": "12.06.2026.", "date_to": "13.06.2026.", "date_from:sr": "12.06.2026.", "date_to:sr": "13.06.2026.", "date_from:hu": "2026.06.12", "date_to:hu": "2026.06.13", "date_from:sk": "12.06.2026", "date_to:sk": "13.06.2026", "date_from:en": "12/06/2026", "date_to:en": "13/06/2026" }, "geometry": { "type": "Point", "coordinates": [ 19.847964639332936, 45.249227813186799 ] } },
{ "type": "Feature", "properties": { "fid": 7, "Rbr": 7, "week": 24, "mz_num": 4, "mz": "Прва војвођанска бригада", "mz:sr": "Prva vojvođanska brigada", "mz:hu": "Első Vajdasági Dandár", "mz:sk": "Prvá vojvodinská brigáda", "mz:en": "Prva vojvođanska brigada", "position": "Васе Стајића 20", "position:sr": "Vase Stajića 20", "position:hu": "Vase Stajića utca 20.", "position:sk": "Vase Stajića 20", "position:en": "20 Vase Stajića street", "date_from": "12.06.2026.", "date_to": "13.06.2026.", "date_from:sr": "12.06.2026.", "date_to:sr": "13.06.2026.", "date_from:hu": "2026.06.12", "date_to:hu": "2026.06.13", "date_from:sk": "12.06.2026", "date_to:sk": "13.06.2026", "date_from:en": "12/06/2026", "date_to:en": "13/06/2026" }, "geometry": { "type": "Point", "coordinates": [ 19.843471813763784, 45.250959460936535 ] } },
{ "type": "Feature", "properties": { "fid": 8, "Rbr": 8, "week": 24, "mz_num": 5, "mz": "Бошко Буха", "mz:sr": "Boško Buha", "mz:hu": "Boško Buha", "mz:sk": "Boško Buha", "mz:en": "Boško Buha", "position": "Фрушкогорска 6", "position:sr": "Fruškogorska 6", "position:hu": "Fruškogorska utca 6.", "position:sk": "Fruškogorska 6", "position:en": "6 Fruškogorska street", "date_from": "12.06.2026.", "date_to": "13.06.2026.", "date_from:sr": "12.06.2026.", "date_to:sr": "13.06.2026.", "date_from:hu": "2026.06.12", "date_to:hu": "2026.06.13", "date_from:sk": "12.06.2026", "date_to:sk": "13.06.2026", "date_from:en": "12/06/2026", "date_to:en": "13/06/2026" }, "geometry": { "type": "Point", "coordinates": [ 19.846804750626621, 45.243929189347611 ] } },
{ "type": "Feature", "properties": { "fid": 9, "Rbr": 9, "week": 24, "mz_num": 5, "mz": "Бошко Буха", "mz:sr": "Boško Buha", "mz:hu": "Boško Buha", "mz:sk": "Boško Buha", "mz:en": "Boško Buha", "position": "Раваничка 1", "position:sr": "Ravanička 1", "position:hu": "Ravanička utca 1.", "position:sk": "Ravanička 1", "position:en": "1 Ravanička street", "date_from": "12.06.2026.", "date_to": "13.06.2026.", "date_from:sr": "12.06.2026.", "date_to:sr": "13.06.2026.", "date_from:hu": "2026.06.12", "date_to:hu": "2026.06.13", "date_from:sk": "12.06.2026", "date_to:sk": "13.06.2026", "date_from:en": "12/06/2026", "date_to:en": "13/06/2026" }, "geometry": { "type": "Point", "coordinates": [ 19.84639649567162, 45.242183798361765 ] } },
{ "type": "Feature", "properties": { "fid": 10, "Rbr": 10, "week": 24, "mz_num": 6, "mz": "Лиман", "mz:sr": "Liman", "mz:hu": "Liman", "mz:sk": "Liman", "mz:en": "Liman", "position": "Сунчани кеј 39", "position:sr": "Sunčani kej 39", "position:hu": "Sunčani kej utca 39.", "position:sk": "Sunčani kej 39", "position:en": "39 Sunčani kej street", "date_from": "12.06.2026.", "date_to": "13.06.2026.", "date_from:sr": "12.06.2026.", "date_to:sr": "13.06.2026.", "date_from:hu": "2026.06.12", "date_to:hu": "2026.06.13", "date_from:sk": "12.06.2026", "date_to:sk": "13.06.2026", "date_from:en": "12/06/2026", "date_to:en": "13/06/2026" }, "geometry": { "type": "Point", "coordinates": [ 19.85152110588896, 45.240203761830017 ] } },
{ "type": "Feature", "properties": { "fid": 11, "Rbr": 11, "week": 24, "mz_num": 6, "mz": "Лиман", "mz:sr": "Liman", "mz:hu": "Liman", "mz:sk": "Liman", "mz:en": "Liman", "position": "Улица Вељка Петровића у близини мале школе „Јован Поповић“ - поред зграда број 6 и 8", "position:sr": "Ulica Veljka Petrovića u blizini male škole „Jovan Popović“ - pored zgrada broj 6 i 8", "position:hu": "A Veljka Petrovića utca a „Jovan Popović” kisiskola közelében - a 6. és 8. számú épületek mellett", "position:sk": "Ulica Veljka Petrovića v blízkosti malej školy Jovana Popovića - vedľa budov číslo 6 a 8", "position:en": "Veljka Petrovića street near the \"Jovan Popović\" small school - next to buildings number 6 and 8", "date_from": "12.06.2026.", "date_to": "13.06.2026.", "date_from:sr": "12.06.2026.", "date_to:sr": "13.06.2026.", "date_from:hu": "2026.06.12", "date_to:hu": "2026.06.13", "date_from:sk": "12.06.2026", "date_to:sk": "13.06.2026", "date_from:en": "12/06/2026", "date_to:en": "13/06/2026" }, "geometry": { "type": "Point", "coordinates": [ 19.848666554906558, 45.243964153757155 ] } },
{ "type": "Feature", "properties": { "fid": 12, "Rbr": 12, "week": 24, "mz_num": 7, "mz": "Соња Маринковић", "mz:sr": "Sonja Marinković", "mz:hu": "Sonja Marinković", "mz:sk": "Sonja Marinković", "mz:en": "Sonja Marinković", "position": "Трг Ференца Фехера, Полита Десанчића, Платонова, Јована Ђорђевића - улаз са Трга Ференца Фехера 6", "position:sr": "Trg Ferenca Fehera, Polita Desančića, Platonova, Jovana Đorđevića - ulaz sa Trga Ferenca Fehera 6", "position:hu": "Ferenc Fehér tér, Polit-Desančić, Platon, Jovan Đorđević - bejárat a Ferenc Fehér tér 6. felől", "position:sk": "Námestie Ferenca Fehera, Polita Desančića, Platonova, Jovana Đorđevića - vchod z Námestia Ferenca Fehera 6", "position:en": "Ferenca Fehera Square, Polit-Desančića, Platonova, Jovana Đorđevića - entrance from 6 Ferenca Fehera Square", "date_from": "14.06.2026.", "date_to": "15.06.2026.", "date_from:sr": "14.06.2026.", "date_to:sr": "15.06.2026.", "date_from:hu": "2026.06.14", "date_to:hu": "2026.06.15", "date_from:sk": "14.06.2026", "date_to:sk": "15.06.2026", "date_from:en": "14/06/2026", "date_to:en": "15/06/2026" }, "geometry": { "type": "Point", "coordinates": [ 19.849915572541175, 45.2515892245207 ] } },
{ "type": "Feature", "properties": { "fid": 13, "Rbr": 13, "week": 24, "mz_num": 7, "mz": "Соња Маринковић", "mz:sr": "Sonja Marinković", "mz:hu": "Sonja Marinković", "mz:sk": "Sonja Marinković", "mz:en": "Sonja Marinković", "position": "Радничка, Стевана Мусића, Максима Горког - улаз из Радничке 51", "position:sr": "Radnička, Stevana Musića, Maksima Gorkog - ulaz iz Radničke 51", "position:hu": "Radnička, Stevana Musića, Maksim Gorkij - bejárat a Radnička utca 51. felől", "position:sk": "Radnička, Stevana Musića, Maksima Gorkého - vchod z Radničkej 51", "position:en": "Radnička, Stevana Musića, Maksima Gorkog - entrance from 51 Radnička street", "date_from": "14.06.2026.", "date_to": "15.06.2026.", "date_from:sr": "14.06.2026.", "date_to:sr": "15.06.2026.", "date_from:hu": "2026.06.14", "date_to:hu": "2026.06.15", "date_from:sk": "14.06.2026", "date_to:sk": "15.06.2026", "date_from:en": "14/06/2026", "date_to:en": "15/06/2026" }, "geometry": { "type": "Point", "coordinates": [ 19.852633095375307, 45.250742196542305 ] } },
{ "type": "Feature", "properties": { "fid": 14, "Rbr": 14, "week": 24, "mz_num": 8, "mz": "Вера Павловић", "mz:sr": "Vera Pavlović", "mz:hu": "Vera Pavlović", "mz:sk": "Vera Pavlović", "mz:en": "Vera Pavlović", "position": "Угао улица Алексе Шантића и Вере Павловић", "position:sr": "Ugao ulica Alekse Šantića i Vere Pavlović", "position:hu": "A Aleksa Šantić és a Vera Pavlović utcák sarka", "position:sk": "Roh ulíc Alekse Šantića a Vere Pavlović", "position:en": "Corner of Alekse Šantića and Vera Pavlović streets", "date_from": "14.06.2026.", "date_to": "15.06.2026.", "date_from:sr": "14.06.2026.", "date_to:sr": "15.06.2026.", "date_from:hu": "2026.06.14", "date_to:hu": "2026.06.15", "date_from:sk": "14.06.2026", "date_to:sk": "15.06.2026", "date_from:en": "14/06/2026", "date_to:en": "15/06/2026" }, "geometry": { "type": "Point", "coordinates": [ 19.836784516758296, 45.24513434989062 ] } },
{ "type": "Feature", "properties": { "fid": 15, "Rbr": 15, "week": 24, "mz_num": 8, "mz": "Вера Павловић", "mz:sr": "Vera Pavlović", "mz:hu": "Vera Pavlović", "mz:sk": "Vera Pavlović", "mz:en": "Vera Pavlović", "position": "Угао улица Пушкиновe и Толстојевe", "position:sr": "Ugao ulica Puškinovе i Tolstojevе", "position:hu": "A Puskin és a Tolsztoj utcák sarka", "position:sk": "Roh ulíc Puškinovej a Tolstojevej", "position:en": "Corner of Puškinova and Tolstojeva streets", "date_from": "14.06.2026.", "date_to": "15.06.2026.", "date_from:sr": "14.06.2026.", "date_to:sr": "15.06.2026.", "date_from:hu": "2026.06.14", "date_to:hu": "2026.06.15", "date_from:sk": "14.06.2026", "date_to:sk": "15.06.2026", "date_from:en": "14/06/2026", "date_to:en": "15/06/2026" }, "geometry": { "type": "Point", "coordinates": [ 19.833441272468374, 45.2447214464881 ] } },
{ "type": "Feature", "properties": { "fid": 16, "Rbr": 16, "week": 24, "mz_num": 9, "mz": "Лиман III", "mz:sr": "Liman III", "mz:hu": "Liman III", "mz:sk": "Liman III", "mz:en": "Liman III", "position": "Шекспирова 20", "position:sr": "Šekspirova 20", "position:hu": "Šekspirova utca 20.", "position:sk": "Šekspirova 20", "position:en": "20 Šekspirova street", "date_from": "14.06.2026.", "date_to": "15.06.2026.", "date_from:sr": "14.06.2026.", "date_to:sr": "15.06.2026.", "date_from:hu": "2026.06.14", "date_to:hu": "2026.06.15", "date_from:sk": "14.06.2026", "date_to:sk": "15.06.2026", "date_from:en": "14/06/2026", "date_to:en": "15/06/2026" }, "geometry": { "type": "Point", "coordinates": [ 19.837604866690146, 45.23914997899081 ] } },
{ "type": "Feature", "properties": { "fid": 17, "Rbr": 17, "week": 24, "mz_num": 9, "mz": "Лиман III", "mz:sr": "Liman III", "mz:hu": "Liman III", "mz:sk": "Liman III", "mz:en": "Liman III", "position": "Балзакова 37", "position:sr": "Balzakova 37", "position:hu": "Balzakova utca 37.", "position:sk": "Balzakova 37", "position:en": "37 Balzakova street", "date_from": "14.06.2026.", "date_to": "15.06.2026.", "date_from:sr": "14.06.2026.", "date_to:sr": "15.06.2026.", "date_from:hu": "2026.06.14", "date_to:hu": "2026.06.15", "date_from:sk": "14.06.2026", "date_to:sk": "15.06.2026", "date_from:en": "14/06/2026", "date_to:en": "15/06/2026" }, "geometry": { "type": "Point", "coordinates": [ 19.834028795812031, 45.238404206325484 ] } },
{ "type": "Feature", "properties": { "fid": 18, "Rbr": 18, "week": 25, "mz_num": 10, "mz": "Острво", "mz:sr": "Ostrvo", "mz:hu": "Sziget", "mz:sk": "Ostrov", "mz:en": "Ostrvo", "position": "Паркинг код улица Народног фронта 57 и Балзакове 24", "position:sr": "Parking kod ulica Narodnog fronta 57 i Balzakove 24", "position:hu": "Parkoló a Narodnog fronta utca 57. és a Balzakova utca 24. számnál", "position:sk": "Parkovisko pri uliciach Narodného frontu 57 a Balzakovej 24", "position:en": "Parking near 57 Narodnog fronta and 24 Balzakova streets", "date_from": "16.06.2026.", "date_to": "17.06.2026.", "date_from:sr": "16.06.2026.", "date_to:sr": "17.06.2026.", "date_from:hu": "2026.06.16", "date_to:hu": "2026.06.17", "date_from:sk": "16.06.2026", "date_to:sk": "17.06.2026", "date_from:en": "16/06/2026", "date_to:en": "17/06/2026" }, "geometry": { "type": "Point", "coordinates": [ 19.832006114827056, 45.238080431851259 ] } },
{ "type": "Feature", "properties": { "fid": 19, "Rbr": 19, "week": 25, "mz_num": 10, "mz": "Острво", "mz:sr": "Ostrvo", "mz:hu": "Sziget", "mz:sk": "Ostrov", "mz:en": "Ostrvo", "position": "Паркинг код окретнице на крају улице Народног фронта", "position:sr": "Parking kod okretnice na kraju ulice Narodnog fronta", "position:hu": "Parkoló a buszfordulónál, a Narodnog fronta utca végén", "position:sk": "Parkovisko pri točni na konci Ulice narodného frontu", "position:en": "Parking near the bus turnaround at the end of Narodnog fronta street", "date_from": "16.06.2026.", "date_to": "17.06.2026.", "date_from:sr": "16.06.2026.", "date_to:sr": "17.06.2026.", "date_from:hu": "2026.06.16", "date_to:hu": "2026.06.17", "date_from:sk": "16.06.2026", "date_to:sk": "17.06.2026", "date_from:en": "16/06/2026", "date_to:en": "17/06/2026" }, "geometry": { "type": "Point", "coordinates": [ 19.826438285245214, 45.236757140109766 ] } },
{ "type": "Feature", "properties": { "fid": 20, "Rbr": 20, "week": 25, "mz_num": 11, "mz": "Иво Андрић", "mz:sr": "Ivo Andrić", "mz:hu": "Ivo Andrić", "mz:sk": "Ivo Andrić", "mz:en": "Ivo Andrić", "position": "Угао улица Балзакове и Народног фронта код постојећих контејнера", "position:sr": "Ugao ulica Balzakove i Narodnog fronta kod postojećih kontejnera", "position:hu": "A Balzakova és a Narodnog fronta utcák sarka a meglévő konténereknél", "position:sk": "Roh ulíc Balzakovej a Národného frontu pri existujúcich kontajneroch", "position:en": "Corner of Balzakova and Narodnog fronta streets near the existing containers", "date_from": "16.06.2026.", "date_to": "17.06.2026.", "date_from:sr": "16.06.2026.", "date_to:sr": "17.06.2026.", "date_from:hu": "2026.06.16", "date_to:hu": "2026.06.17", "date_from:sk": "16.06.2026", "date_to:sk": "17.06.2026", "date_from:en": "16/06/2026", "date_to:en": "17/06/2026" }, "geometry": { "type": "Point", "coordinates": [ 19.832138898740642, 45.239203638243609 ] } },
{ "type": "Feature", "properties": { "fid": 21, "Rbr": 21, "week": 25, "mz_num": 11, "mz": "Иво Андрић", "mz:sr": "Ivo Andrić", "mz:hu": "Ivo Andrić", "mz:sk": "Ivo Andrić", "mz:en": "Ivo Andrić", "position": "Улица Симе Матавуља 1а код постојећих контејнера", "position:sr": "Ulica Sime Matavulja 1a kod postojećih kontejnera", "position:hu": "Sime Matavulja utca 1a a meglévő konténereknél", "position:sk": "Ulica Sime Matavulja 1a pri existujúcich kontajneroch", "position:en": "1a Sime Matavulja street near the existing containers", "date_from": "16.06.2026.", "date_to": "17.06.2026.", "date_from:sr": "16.06.2026.", "date_to:sr": "17.06.2026.", "date_from:hu": "2026.06.16", "date_to:hu": "2026.06.17", "date_from:sk": "16.06.2026", "date_to:sk": "17.06.2026", "date_from:en": "16/06/2026", "date_to:en": "17/06/2026" }, "geometry": { "type": "Point", "coordinates": [ 19.824049993758461, 45.238106806738287 ] } },
{ "type": "Feature", "properties": { "fid": 22, "Rbr": 22, "week": 25, "mz_num": 12, "mz": "Бистрица", "mz:sr": "Bistrica", "mz:hu": "Bistrica", "mz:sk": "Bistrica", "mz:en": "Bistrica", "position": "Угао улица Каће Дејановић и Браће Дроњак - паркинг", "position:sr": "Ugao ulica Kaće Dejanović i Braće Dronjak - parking", "position:hu": "A Kaća Dejanović és a Braće Dronjak utcák sarka - parkoló", "position:sk": "Roh ulíc Kaće Dejanović a Braće Dronjak - parkovisko", "position:en": "Corner of Kaća Dejanović and Braće Dronjak streets - parking lot", "date_from": "16.06.2026.", "date_to": "17.06.2026.", "date_from:sr": "16.06.2026.", "date_to:sr": "17.06.2026.", "date_from:hu": "2026.06.16", "date_to:hu": "2026.06.17", "date_from:sk": "16.06.2026", "date_to:sk": "17.06.2026", "date_from:en": "16/06/2026", "date_to:en": "17/06/2026" }, "geometry": { "type": "Point", "coordinates": [ 19.798679171475673, 45.252243746140493 ] } },
{ "type": "Feature", "properties": { "fid": 23, "Rbr": 23, "week": 25, "mz_num": 12, "mz": "Бистрица", "mz:sr": "Bistrica", "mz:hu": "Bistrica", "mz:sk": "Bistrica", "mz:en": "Bistrica", "position": "Угао улица Бате Бркића и Душана Даниловића - паркинг", "position:sr": "Ugao ulica Bate Brkića i Dušana Danilovića - parking", "position:hu": "A Bate Brkića és a Dušan Danilović utcák sarka - parkoló", "position:sk": "Roh ulíc Bate Brkića a Dušana Danilovića - parkovisko", "position:en": "Corner of Bate Brkića and Dušan Danilovića streets - parking lot", "date_from": "16.06.2026.", "date_to": "17.06.2026.", "date_from:sr": "16.06.2026.", "date_to:sr": "17.06.2026.", "date_from:hu": "2026.06.16", "date_to:hu": "2026.06.17", "date_from:sk": "16.06.2026", "date_to:sk": "17.06.2026", "date_from:en": "16/06/2026", "date_to:en": "17/06/2026" }, "geometry": { "type": "Point", "coordinates": [ 19.796456405141466, 45.251423396208629 ] } },
{ "type": "Feature", "properties": { "fid": 24, "Rbr": 24, "week": 25, "mz_num": 13, "mz": "Гаврило Принцип", "mz:sr": "Gavrilo Princip", "mz:hu": "Gavrilo Princip", "mz:sk": "Gavrilo Princip", "mz:en": "Gavrilo Princip", "position": "Угао продужетка улице Бате Бркића и улице Милоја Чиплића", "position:sr": "Ugao produžetka ulice Bate Brkića i ulice Miloja Čiplića", "position:hu": "A Bate Brkića utca meghosszabbításának és a Miloje Čiplić utcának a sarka", "position:sk": "Roh predĺženia Ulice Bate Brkića a Ulice Miloja Čiplića", "position:en": "Corner of Bate Brkića street extension and Miloje Čiplić street", "date_from": "18.06.2026.", "date_to": "19.06.2026.", "date_from:sr": "18.06.2026.", "date_to:sr": "19.06.2026.", "date_from:hu": "2026.06.18", "date_to:hu": "2026.06.19", "date_from:sk": "18.06.2026", "date_to:sk": "19.06.2026", "date_from:en": "18/06/2026", "date_to:en": "19/06/2026" }, "geometry": { "type": "Point", "coordinates": [ 19.79799046860882, 45.249483477799934 ] } },
{ "type": "Feature", "properties": { "fid": 25, "Rbr": 25, "week": 25, "mz_num": 13, "mz": "Гаврило Принцип", "mz:sr": "Gavrilo Princip", "mz:hu": "Gavrilo Princip", "mz:sk": "Gavrilo Princip", "mz:en": "Gavrilo Princip", "position": "Угао улица Партизанских база и Стевана Христића", "position:sr": "Ugao ulica Partizanskih baza i Stevana Hristića", "position:hu": "A Partizanskih baza és a Stevan Hristić utcák sarka", "position:sk": "Roh ulíc Partizanskih baza a Stevana Hristića", "position:en": "Corner of Partizanskih baza and Stevana Hristića streets", "date_from": "18.06.2026.", "date_to": "19.06.2026.", "date_from:sr": "18.06.2026.", "date_to:sr": "19.06.2026.", "date_from:hu": "2026.06.18", "date_to:hu": "2026.06.19", "date_from:sk": "18.06.2026", "date_to:sk": "19.06.2026", "date_from:en": "18/06/2026", "date_to:en": "19/06/2026" }, "geometry": { "type": "Point", "coordinates": [ 19.801753664762387, 45.250973715754739 ] } },
{ "type": "Feature", "properties": { "fid": 26, "Rbr": 26, "week": 25, "mz_num": 14, "mz": "Раднички", "mz:sr": "Radnički", "mz:hu": "Radnički", "mz:sk": "Radnički", "mz:en": "Radnički", "position": "Браће Могин испред броја 20", "position:sr": "Braće Mogin ispred broja 20", "position:hu": "A Braće Mogin utca 20. szám előtt", "position:sk": "Ulica Braće Mogin pred číslom 20", "position:en": "Braće Mogin street, in front of number 20", "date_from": "18.06.2026.", "date_to": "19.06.2026.", "date_from:sr": "18.06.2026.", "date_to:sr": "19.06.2026.", "date_from:hu": "2026.06.18", "date_to:hu": "2026.06.19", "date_from:sk": "18.06.2026", "date_to:sk": "19.06.2026", "date_from:en": "18/06/2026", "date_to:en": "19/06/2026" }, "geometry": { "type": "Point", "coordinates": [ 19.812490744815612, 45.263341462982972 ] } },
{ "type": "Feature", "properties": { "fid": 27, "Rbr": 27, "week": 25, "mz_num": 14, "mz": "Раднички", "mz:sr": "Radnički", "mz:hu": "Radnički", "mz:sk": "Radnički", "mz:en": "Radnički", "position": "Угао улица Старине Новака и Филипа Филиповића", "position:sr": "Ugao ulica Starine Novaka i Filipa Filipovića", "position:hu": "A Starina Novak és a Filip Filipović utcák sarka", "position:sk": "Roh ulíc Starine Novaka a Filipa Filipovića", "position:en": "Corner of Starina Novak and Filipa Filipovića streets", "date_from": "18.06.2026.", "date_to": "19.06.2026.", "date_from:sr": "18.06.2026.", "date_to:sr": "19.06.2026.", "date_from:hu": "2026.06.18", "date_to:hu": "2026.06.19", "date_from:sk": "18.06.2026", "date_to:sk": "19.06.2026", "date_from:en": "18/06/2026", "date_to:en": "19/06/2026" }, "geometry": { "type": "Point", "coordinates": [ 19.813048624832664, 45.266074844854728 ] } },
{ "type": "Feature", "properties": { "fid": 28, "Rbr": 28, "week": 25, "mz_num": 15, "mz": "Детелинара", "mz:sr": "Detelinara", "mz:hu": "Detelinara", "mz:sk": "Detelinara", "mz:en": "Detelinara", "position": "Улица Миколе Кочиша", "position:sr": "Ulica Mikole Kočiša", "position:hu": "Mikole Kočiša utca", "position:sk": "Ulica Mikole Kočiša", "position:en": "Mikole Kočiša street", "date_from": "18.06.2026.", "date_to": "19.06.2026.", "date_from:sr": "18.06.2026.", "date_to:sr": "19.06.2026.", "date_from:hu": "2026.06.18", "date_to:hu": "2026.06.19", "date_from:sk": "18.06.2026", "date_to:sk": "19.06.2026", "date_from:en": "18/06/2026", "date_to:en": "19/06/2026" }, "geometry": { "type": "Point", "coordinates": [ 19.819457722360156, 45.251499366114608 ] } },
{ "type": "Feature", "properties": { "fid": 29, "Rbr": 29, "week": 25, "mz_num": 15, "mz": "Детелинара", "mz:sr": "Detelinara", "mz:hu": "Detelinara", "mz:sk": "Detelinara", "mz:en": "Detelinara", "position": "Улица Пастерова 8", "position:sr": "Ulica Pasterova 8", "position:hu": "Pasterova utca 8.", "position:sk": "Pasterova 8", "position:en": "8 Pasterova street", "date_from": "18.06.2026.", "date_to": "19.06.2026.", "date_from:sr": "18.06.2026.", "date_to:sr": "19.06.2026.", "date_from:hu": "2026.06.18", "date_to:hu": "2026.06.19", "date_from:sk": "18.06.2026", "date_to:sk": "19.06.2026", "date_from:en": "18/06/2026", "date_to:en": "19/06/2026" }, "geometry": { "type": "Point", "coordinates": [ 19.819823759180132, 45.259929723566344 ] } },
{ "type": "Feature", "properties": { "fid": 30, "Rbr": 30, "week": 25, "mz_num": 16, "mz": "Омладински покрет", "mz:sr": "Omladinski pokret", "mz:hu": "Omladinski pokret", "mz:sk": "Omladinski pokret", "mz:en": "Omladinski pokret", "position": "Угао улица Јована Храниловића и Стјепана Митрова Љубише", "position:sr": "Ugao ulica Jovana Hranilovića i Stjepana Mitrova Ljubiše", "position:hu": "A Jovan Hranilović és a Stjepan Mitrov Ljubiša utcák sarka", "position:sk": "Roh ulíc Jovana Hranilovića a Stjepana Mitrova Ljubišu", "position:en": "Corner of Jovana Hranilovića and Stjepana Mitrova Ljubiše streets", "date_from": "20.06.2026.", "date_to": "21.06.2026.", "date_from:sr": "20.06.2026.", "date_to:sr": "21.06.2026.", "date_from:hu": "2026.06.20", "date_to:hu": "2026.06.21", "date_from:sk": "20.06.2026", "date_to:sk": "21.06.2026", "date_from:en": "20/06/2026", "date_to:en": "21/06/2026" }, "geometry": { "type": "Point", "coordinates": [ 19.820769929828032, 45.263541747280684 ] } },
{ "type": "Feature", "properties": { "fid": 31, "Rbr": 31, "week": 25, "mz_num": 16, "mz": "Омладински покрет", "mz:sr": "Omladinski pokret", "mz:hu": "Omladinski pokret", "mz:sk": "Omladinski pokret", "mz:en": "Omladinski pokret", "position": "Бачка улица, пролаз према Руменачкој улици", "position:sr": "Bačka ulica, prolaz prema Rumenačkoj ulici", "position:hu": "Bačka utca, átjáró a Rumenačka utca felé", "position:sk": "Bačská ulica, prechod smerom k Rumenačkej ulici", "position:en": "Bačka street, passage towards Rumenačka street", "date_from": "20.06.2026.", "date_to": "21.06.2026.", "date_from:sr": "20.06.2026.", "date_to:sr": "21.06.2026.", "date_from:hu": "2026.06.20", "date_to:hu": "2026.06.21", "date_from:sk": "20.06.2026", "date_to:sk": "21.06.2026", "date_from:en": "20/06/2026", "date_to:en": "21/06/2026" }, "geometry": { "type": "Point", "coordinates": [ 19.821845019104362, 45.260600407383279 ] } },
{ "type": "Feature", "properties": { "fid": 32, "Rbr": 32, "week": 25, "mz_num": 16, "mz": "Омладински покрет", "mz:sr": "Omladinski pokret", "mz:hu": "Omladinski pokret", "mz:sk": "Omladinski pokret", "mz:en": "Omladinski pokret", "position": "Париске комуне 42", "position:sr": "Pariske komune 42", "position:hu": "Pariske komune utca 42.", "position:sk": "Pariske komune 42", "position:en": "42 Pariske komune street", "date_from": "20.06.2026.", "date_to": "21.06.2026.", "date_from:sr": "20.06.2026.", "date_to:sr": "21.06.2026.", "date_from:hu": "2026.06.20", "date_to:hu": "2026.06.21", "date_from:sk": "20.06.2026", "date_to:sk": "21.06.2026", "date_from:en": "20/06/2026", "date_to:en": "21/06/2026" }, "geometry": { "type": "Point", "coordinates": [ 19.824162484924891, 45.261897267395412 ] } },
{ "type": "Feature", "properties": { "fid": 33, "Rbr": 33, "week": 25, "mz_num": 17, "mz": "Народни хероји", "mz:sr": "Narodni heroji", "mz:hu": "Narodni heroji", "mz:sk": "Narodni heroji", "mz:en": "Narodni heroji", "position": "Угао Богдана Гарабандина и Мичуринове", "position:sr": "Ugao Bogdana Garabandina i Mičurinove", "position:hu": "A Bogdan Garabandin és a Micsurin utcák sarka", "position:sk": "Roh ulíc Bogdana Garabandina a Mičurinovej", "position:en": "Corner of Bogdan Garabandin and Mičurinova streets", "date_from": "20.06.2026.", "date_to": "21.06.2026.", "date_from:sr": "20.06.2026.", "date_to:sr": "21.06.2026.", "date_from:hu": "2026.06.20", "date_to:hu": "2026.06.21", "date_from:sk": "20.06.2026", "date_to:sk": "21.06.2026", "date_from:en": "20/06/2026", "date_to:en": "21/06/2026" }, "geometry": { "type": "Point", "coordinates": [ 19.82468583316648, 45.257617629355295 ] } },
{ "type": "Feature", "properties": { "fid": 34, "Rbr": 34, "week": 25, "mz_num": 17, "mz": "Народни хероји", "mz:sr": "Narodni heroji", "mz:hu": "Narodni heroji", "mz:sk": "Narodni heroji", "mz:en": "Narodni heroji", "position": "Тургењева", "position:sr": "Turgenjeva", "position:hu": "Turgenyev utca", "position:sk": "Turgenjevova ulica", "position:en": "Turgenjeva street", "date_from": "20.06.2026.", "date_to": "21.06.2026.", "date_from:sr": "20.06.2026.", "date_to:sr": "21.06.2026.", "date_from:hu": "2026.06.20", "date_to:hu": "2026.06.21", "date_from:sk": "20.06.2026", "date_to:sk": "21.06.2026", "date_from:en": "20/06/2026", "date_to:en": "21/06/2026" }, "geometry": { "type": "Point", "coordinates": [ 19.832837826139301, 45.256312711928885 ] } },
{ "type": "Feature", "properties": { "fid": 35, "Rbr": 35, "week": 25, "mz_num": 18, "mz": "Сава Ковачевић", "mz:sr": "Sava Kovačević", "mz:hu": "Sava Kovačević", "mz:sk": "Sava Kovačević", "mz:en": "Sava Kovačević", "position": "Саве Ковачевића наспрам броја 22", "position:sr": "Save Kovačevića naspram broja 22", "position:hu": "A Save Kovačevića utca 22. számmal szemben", "position:sk": "Ulica Save Kovačevića oproti číslu 22", "position:en": "Save Kovačevića street, opposite number 22", "date_from": "20.06.2026.", "date_to": "21.06.2026.", "date_from:sr": "20.06.2026.", "date_to:sr": "21.06.2026.", "date_from:hu": "2026.06.20", "date_to:hu": "2026.06.21", "date_from:sk": "20.06.2026", "date_to:sk": "21.06.2026", "date_from:en": "20/06/2026", "date_to:en": "21/06/2026" }, "geometry": { "type": "Point", "coordinates": [ 19.832123881681429, 45.264483793299824 ] } },
{ "type": "Feature", "properties": { "fid": 36, "Rbr": 38, "week": 25, "mz_num": 18, "mz": "Сава Ковачевић", "mz:sr": "Sava Kovačević", "mz:hu": "Sava Kovačević", "mz:sk": "Sava Kovačević", "mz:en": "Sava Kovačević", "position": "Угао улица Краљевића Марка и Саве Љубојева", "position:sr": "Ugao ulica Kraljevića Marka i Save Ljubojeva", "position:hu": "A Kraljevića Marka és a Sava Ljubojev utcák sarka", "position:sk": "Roh ulíc Kraljevića Marka a Save Ljubojeva", "position:en": "Corner of Kraljevića Marka and Save Ljubojeva streets", "date_from": "20.06.2026.", "date_to": "21.06.2026.", "date_from:sr": "20.06.2026.", "date_to:sr": "21.06.2026.", "date_from:hu": "2026.06.20", "date_to:hu": "2026.06.21", "date_from:sk": "20.06.2026", "date_to:sk": "21.06.2026", "date_from:en": "20/06/2026", "date_to:en": "21/06/2026" }, "geometry": { "type": "Point", "coordinates": [ 19.834625708814343, 45.265248672126532 ] } },
{ "type": "Feature", "properties": { "fid": 37, "Rbr": 37, "week": 26, "mz_num": 19, "mz": "Југовићево", "mz:sr": "Jugovićevo", "mz:hu": "Jugovićevo", "mz:sk": "Jugovićevo", "mz:en": "Jugovićevo", "position": "Угао улица Миленка Грчића и Орловића Павла", "position:sr": "Ugao ulica Milenka Grčića i Orlovića Pavla", "position:hu": "A Milenko Grčić és az Orlovića Pavla utcák sarka", "position:sk": "Roh ulíc Milenka Grčića a Orlovića Pavla", "position:en": "Corner of Milenka Grčića and Orlovića Pavla streets", "date_from": "22.06.2026.", "date_to": "23.06.2026.", "date_from:sr": "22.06.2026.", "date_to:sr": "23.06.2026.", "date_from:hu": "2026.06.22", "date_to:hu": "2026.06.23", "date_from:sk": "22.06.2026", "date_to:sk": "23.06.2026", "date_from:en": "22/06/2026", "date_to:en": "23/06/2026" }, "geometry": { "type": "Point", "coordinates": [ 19.811628409644712, 45.263225541731124 ] } },
{ "type": "Feature", "properties": { "fid": 38, "Rbr": 38, "week": 26, "mz_num": 19, "mz": "Југовићево", "mz:sr": "Jugovićevo", "mz:hu": "Jugovićevo", "mz:sk": "Jugovićevo", "mz:en": "Jugovićevo", "position": "Паркинг простор у улици Веселина Маслеше 136", "position:sr": "Parking prostor u ulici Veselina Masleše 136", "position:hu": "Parkoló a Veselina Masleše utca 136. számnál", "position:sk": "Parkovisko na Ulici Veselina Maslešu 136", "position:en": "Parking lot at 136 Veselina Masleše street", "date_from": "22.06.2026.", "date_to": "23.06.2026.", "date_from:sr": "22.06.2026.", "date_to:sr": "23.06.2026.", "date_from:hu": "2026.06.22", "date_to:hu": "2026.06.23", "date_from:sk": "22.06.2026", "date_to:sk": "23.06.2026", "date_from:en": "22/06/2026", "date_to:en": "23/06/2026" }, "geometry": { "type": "Point", "coordinates": [ 19.805966925056161, 45.26595527858214 ] } },
{ "type": "Feature", "properties": { "fid": 39, "Rbr": 39, "week": 26, "mz_num": 20, "mz": "Салајка", "mz:sr": "Salajka", "mz:hu": "Salajka", "mz:sk": "Salajka", "mz:en": "Salajka", "position": "Угао улица Косте Шокице и Карађорђеве", "position:sr": "Ugao ulica Koste Šokice i Karađorđeve", "position:hu": "A Kosta Šokica és a Karađorđeva utcák sarka", "position:sk": "Roh ulíc Koste Šokice a Karađorđevej", "position:en": "Corner of Koste Šokice and Karađorđeva streets", "date_from": "22.06.2026.", "date_to": "23.06.2026.", "date_from:sr": "22.06.2026.", "date_to:sr": "23.06.2026.", "date_from:hu": "2026.06.22", "date_to:hu": "2026.06.23", "date_from:sk": "22.06.2026", "date_to:sk": "23.06.2026", "date_from:en": "22/06/2026", "date_to:en": "23/06/2026" }, "geometry": { "type": "Point", "coordinates": [ 19.840398126731611, 45.267187415495684 ] } },
{ "type": "Feature", "properties": { "fid": 40, "Rbr": 40, "week": 26, "mz_num": 20, "mz": "Салајка", "mz:sr": "Salajka", "mz:hu": "Salajka", "mz:sk": "Salajka", "mz:en": "Salajka", "position": "Угао улица Давида Рацковића и Станка Пауновића", "position:sr": "Ugao ulica Davida Rackovića i Stanka Paunovića", "position:hu": "A David Racković és a Stanko Paunović utcák sarka", "position:sk": "Roh ulíc Davida Rackovića a Stanka Paunovića", "position:en": "Corner of Davida Rackovića and Stanko Paunovića streets", "date_from": "22.06.2026.", "date_to": "23.06.2026.", "date_from:sr": "22.06.2026.", "date_to:sr": "23.06.2026.", "date_from:hu": "2026.06.22", "date_to:hu": "2026.06.23", "date_from:sk": "22.06.2026", "date_to:sk": "23.06.2026", "date_from:en": "22/06/2026", "date_to:en": "23/06/2026" }, "geometry": { "type": "Point", "coordinates": [ 19.829698024454508, 45.267344103426865 ] } },
{ "type": "Feature", "properties": { "fid": 41, "Rbr": 41, "week": 26, "mz_num": 21, "mz": "Подбара", "mz:sr": "Podbara", "mz:hu": "Podbara", "mz:sk": "Podbara", "mz:en": "Podbara", "position": "Улица Филипа Вишњића, код окретнице аутобуса број 6", "position:sr": "Ulica Filipa Višnjića, kod okretnice autobusa broj 6", "position:hu": "Filipa Višnjića utca, а 6-os busz fordulójánál", "position:sk": "Ulica Filipa Višnjića, pri točni autobusu číslo 6", "position:en": "Filipa Višnjića street, near the bus number 6 turnaround", "date_from": "22.06.2026.", "date_to": "23.06.2026.", "date_from:sr": "22.06.2026.", "date_to:sr": "23.06.2026.", "date_from:hu": "2026.06.22", "date_to:hu": "2026.06.23", "date_from:sk": "22.06.2026", "date_to:sk": "23.06.2026", "date_from:en": "22/06/2026", "date_to:en": "23/06/2026" }, "geometry": { "type": "Point", "coordinates": [ 19.850291912051453, 45.265251909480533 ] } },
{ "type": "Feature", "properties": { "fid": 42, "Rbr": 42, "week": 26, "mz_num": 21, "mz": "Подбара", "mz:sr": "Podbara", "mz:hu": "Podbara", "mz:sk": "Podbara", "mz:en": "Podbara", "position": "Угао улица Ђорђа Рајковића и Југ Богдана", "position:sr": "Ugao ulica Đorđa Rajkovića i Jug Bogdana", "position:hu": "A Đorđe Rajković és a Jug Bogdan utcák sarka", "position:sk": "Roh ulíc Đorđa Rajkovića a Jug Bogdana", "position:en": "Corner of Đorđa Rajkovića and Jug Bogdana streets", "date_from": "22.06.2026.", "date_to": "23.06.2026.", "date_from:sr": "22.06.2026.", "date_to:sr": "23.06.2026.", "date_from:hu": "2026.06.22", "date_to:hu": "2026.06.23", "date_from:sk": "22.06.2026", "date_to:sk": "23.06.2026", "date_from:en": "22/06/2026", "date_to:en": "23/06/2026" }, "geometry": { "type": "Point", "coordinates": [ 19.848009361692768, 45.26630685522121 ] } },
{ "type": "Feature", "properties": { "fid": 43, "Rbr": 43, "week": 26, "mz_num": 22, "mz": "7. јули", "mz:sr": "7. juli", "mz:hu": "7. juli", "mz:sk": "7. juli", "mz:en": "7. juli", "position": "Угао улица Тоне Хаџића и Браће Груловић", "position:sr": "Ugao ulica Tone Hadžića i Braće Grulović", "position:hu": "A Tone Hadžić és a Braće Grulović utcák sarka", "position:sk": "Roh ulíc Tone Hadžića a Braće Grulović", "position:en": "Corner of Tone Hadžića and Braće Grulović streets", "date_from": "24.06.2026.", "date_to": "25.06.2026.", "date_from:sr": "24.06.2026.", "date_to:sr": "25.06.2026.", "date_from:hu": "2026.06.24", "date_to:hu": "2026.06.25", "date_from:sk": "24.06.2026", "date_to:sk": "25.06.2026", "date_from:en": "24/06/2026", "date_to:en": "25/06/2026" }, "geometry": { "type": "Point", "coordinates": [ 19.824178120145316, 45.24143620723207 ] } },
{ "type": "Feature", "properties": { "fid": 44, "Rbr": 44, "week": 26, "mz_num": 22, "mz": "7. јули", "mz:sr": "7. juli", "mz:hu": "7. juli", "mz:sk": "7. juli", "mz:en": "7. juli", "position": "Мише Димитријевића 8", "position:sr": "Miše Dimitrijevića 8", "position:hu": "Miše Dimitrijevića utca 8.", "position:sk": "Miše Dimitrijevića 8", "position:en": "8 Miše Dimitrijevića street", "date_from": "24.06.2026.", "date_to": "25.06.2026.", "date_from:sr": "24.06.2026.", "date_to:sr": "25.06.2026.", "date_from:hu": "2026.06.24", "date_to:hu": "2026.06.25", "date_from:sk": "24.06.2026", "date_to:sk": "25.06.2026", "date_from:en": "24/06/2026", "date_to:en": "25/06/2026" }, "geometry": { "type": "Point", "coordinates": [ 19.832868041442801, 45.246329359816407 ] } },
{ "type": "Feature", "properties": { "fid": 45, "Rbr": 45, "week": 26, "mz_num": 22, "mz": "7. јули", "mz:sr": "7. juli", "mz:hu": "7. juli", "mz:sk": "7. juli", "mz:en": "7. juli", "position": "Угао улица Антона Чехова и Дожа Ђерђа", "position:sr": "Ugao ulica Antona Čehova i Doža Đerđa", "position:hu": "A Anton Csehszlovák (Csehov) és a Dózsa György utcák sarka", "position:sk": "Roh ulíc Antona Čehova a Dóžu Đerđa", "position:en": "Corner of Antona Čehova and Doža Đerđa streets", "date_from": "24.06.2026.", "date_to": "25.06.2026.", "date_from:sr": "24.06.2026.", "date_to:sr": "25.06.2026.", "date_from:hu": "2026.06.24", "date_to:hu": "2026.06.25", "date_from:sk": "24.06.2026", "date_to:sk": "25.06.2026", "date_from:en": "24/06/2026", "date_to:en": "25/06/2026" }, "geometry": { "type": "Point", "coordinates": [ 19.831824318529165, 45.247449915930474 ] } },
{ "type": "Feature", "properties": { "fid": 46, "Rbr": 46, "week": 26, "mz_num": 22, "mz": "7. јули", "mz:sr": "7. juli", "mz:hu": "7. juli", "mz:sk": "7. juli", "mz:en": "7. juli", "position": "Љермонтова 10", "position:sr": "Ljermontova 10", "position:hu": "Ljermontov utca 10.", "position:sk": "Ljermontovova 10", "position:en": "10 Ljermontova street", "date_from": "24.06.2026.", "date_to": "25.06.2026.", "date_from:sr": "24.06.2026.", "date_to:sr": "25.06.2026.", "date_from:hu": "2026.06.24", "date_to:hu": "2026.06.25", "date_from:sk": "24.06.2026", "date_to:sk": "25.06.2026", "date_from:en": "24/06/2026", "date_to:en": "25/06/2026" }, "geometry": { "type": "Point", "coordinates": [ 19.829084222145479, 45.245272687486981 ] } },
{ "type": "Feature", "properties": { "fid": 47, "Rbr": 47, "week": 26, "mz_num": 23, "mz": "Никола Тесла", "mz:sr": "Nikola Tesla", "mz:hu": "Nikola Tesla", "mz:sk": "Nikola Tesla", "mz:en": "Nikola Tesla", "position": "Суботичка улица, преко пута броја 26", "position:sr": "Subotička ulica, preko puta broja 26", "position:hu": "Subotička utca, a 26. számmal szemben", "position:sk": "Subotička ulica, cez cestu oproti číslu 26", "position:en": "Subotička street, across from number 26", "date_from": "26.06.2026.", "date_to": "27.06.2026.", "date_from:sr": "26.06.2026.", "date_to:sr": "27.06.2026.", "date_from:hu": "2026.06.26", "date_to:hu": "2026.06.27", "date_from:sk": "26.06.2026", "date_to:sk": "27.06.2026", "date_from:en": "26/06/2026", "date_to:en": "27/06/2026" }, "geometry": { "type": "Point", "coordinates": [ 19.81270925421676, 45.246085047504963 ] } },
{ "type": "Feature", "properties": { "fid": 48, "Rbr": 48, "week": 26, "mz_num": 23, "mz": "Никола Тесла", "mz:sr": "Nikola Tesla", "mz:hu": "Nikola Tesla", "mz:sk": "Nikola Tesla", "mz:en": "Nikola Tesla", "position": "Угао улица Неимарове и Косте Абрашевића", "position:sr": "Ugao ulica Neimarove i Koste Abraševića", "position:hu": "A Neimarova és a Kosta Abraševićk utcák sarka", "position:sk": "Roh ulíc Neimarove a Koste Abraševića", "position:en": "Corner of Neimarove and Koste Abraševića streets", "date_from": "26.06.2026.", "date_to": "27.06.2026.", "date_from:sr": "26.06.2026.", "date_to:sr": "27.06.2026.", "date_from:hu": "2026.06.26", "date_to:hu": "2026.06.27", "date_from:sk": "26.06.2026", "date_to:sk": "27.06.2026", "date_from:en": "26/06/2026", "date_to:en": "27/06/2026" }, "geometry": { "type": "Point", "coordinates": [ 19.809349312463354, 45.242108713559368 ] } },
{ "type": "Feature", "properties": { "fid": 49, "Rbr": 49, "week": 26, "mz_num": 23, "mz": "Никола Тесла", "mz:sr": "Nikola Tesla", "mz:hu": "Nikola Tesla", "mz:sk": "Nikola Tesla", "mz:en": "Nikola Tesla", "position": "Улица Ади Ендреа између бр. 25 и 27", "position:sr": "Ulica Adi Endrea između br. 25 i 27", "position:hu": "Adi Endre utca a 25. és 27. szám között", "position:sk": "Ulica Adyho Endreho medzi číslami 25 a 27", "position:en": "Adi Endrea street, between numbers 25 and 27", "date_from": "26.06.2026.", "date_to": "27.06.2026.", "date_from:sr": "26.06.2026.", "date_to:sr": "27.06.2026.", "date_from:hu": "2026.06.26", "date_to:hu": "2026.06.27", "date_from:sk": "26.06.2026", "date_to:sk": "27.06.2026", "date_from:en": "26/06/2026", "date_to:en": "27/06/2026" }, "geometry": { "type": "Point", "coordinates": [ 19.811916749969676, 45.241618362347666 ] } },
{ "type": "Feature", "properties": { "fid": 50, "Rbr": 50, "week": 26, "mz_num": 23, "mz": "Никола Тесла", "mz:sr": "Nikola Tesla", "mz:hu": "Nikola Tesla", "mz:sk": "Nikola Tesla", "mz:en": "Nikola Tesla", "position": "Слободна површина на углу улице Гери Кароља и Булевара Европе", "position:sr": "Slobodna površina na uglu ulice Geri Karolja i Bulevara Evrope", "position:hu": "Szabad terület a Geri Károly utca és az Európa sugárút sarkán", "position:sk": "Volná plocha na rohu Ulice Geri Karolja a Bulváru Európy", "position:en": "Open space at the corner of Geri Karolja street and Europe Boulevard", "date_from": "26.06.2026.", "date_to": "27.06.2026.", "date_from:sr": "26.06.2026.", "date_to:sr": "27.06.2026.", "date_from:hu": "2026.06.26", "date_to:hu": "2026.06.27", "date_from:sk": "26.06.2026", "date_to:sk": "27.06.2026", "date_from:en": "26/06/2026", "date_to:en": "27/06/2026" }, "geometry": { "type": "Point", "coordinates": [ 19.818307718315125, 45.245768218464988 ] } },
{ "type": "Feature", "properties": { "fid": 51, "Rbr": 51, "week": 26, "mz_num": 24, "mz": "Братство - Телеп", "mz:sr": "Bratstvo - Telep", "mz:hu": "Bratstvo - Telep", "mz:sk": "Bratstvo - Telep", "mz:en": "Bratstvo - Telep", "position": "Угао улица Сентелекијеве и Ћирила и Методија", "position:sr": "Ugao ulica Sentelekijeve i Ćirila i Metodija", "position:hu": "A Szenteleky Kornél és a Cirill és Metód utcák sarka", "position:sk": "Roh ulíc Szentelekiho a Cyrila a Metoda", "position:en": "Corner of Sentelekijeva and Ćirila i Metodija streets", "date_from": "28.06.2026.", "date_to": "29.06.2026.", "date_from:sr": "28.06.2026.", "date_to:sr": "29.06.2026.", "date_from:hu": "2026.06.28", "date_to:hu": "2026.06.29", "date_from:sk": "28.06.2026", "date_to:sk": "29.06.2026", "date_from:en": "28/06/2026", "date_to:en": "29/06/2026" }, "geometry": { "type": "Point", "coordinates": [ 19.8064892181599, 45.238388778046662 ] } },
{ "type": "Feature", "properties": { "fid": 52, "Rbr": 52, "week": 26, "mz_num": 24, "mz": "Братство - Телеп", "mz:sr": "Bratstvo - Telep", "mz:hu": "Bratstvo - Telep", "mz:sk": "Bratstvo - Telep", "mz:en": "Bratstvo - Telep", "position": "Угао улица Варга Ђуле и Петефи Шандора", "position:sr": "Ugao ulica Varga Đule i Petefi Šandora", "position:hu": "A Varga Gyula és a Petőfi Sándor utcák sarka", "position:sk": "Roh ulíc Varga Đule a Petőfi Šandora", "position:en": "Corner of Varga Đule and Petefi Šandora streets", "date_from": "28.06.2026.", "date_to": "29.06.2026.", "date_from:sr": "28.06.2026.", "date_to:sr": "29.06.2026.", "date_from:hu": "2026.06.28", "date_to:hu": "2026.06.29", "date_from:sk": "28.06.2026", "date_to:sk": "29.06.2026", "date_from:en": "28/06/2026", "date_to:en": "29/06/2026" }, "geometry": { "type": "Point", "coordinates": [ 19.801618511229595, 45.240617804153366 ] } },
{ "type": "Feature", "properties": { "fid": 53, "Rbr": 53, "week": 26, "mz_num": 24, "mz": "Братство - Телеп", "mz:sr": "Bratstvo - Telep", "mz:hu": "Bratstvo - Telep", "mz:sk": "Bratstvo - Telep", "mz:en": "Bratstvo - Telep", "position": "Угао улица Јована Поповића и Илирске", "position:sr": "Ugao ulica Jovana Popovića i Ilirske", "position:hu": "A Jovan Popović és az Ilír utcák sarka", "position:sk": "Roh ulíc Jovana Popovića a Ilírskej", "position:en": "Corner of Jovana Popovića and Ilirska streets", "date_from": "28.06.2026.", "date_to": "29.06.2026.", "date_from:sr": "28.06.2026.", "date_to:sr": "29.06.2026.", "date_from:hu": "2026.06.28", "date_to:hu": "2026.06.29", "date_from:sk": "28.06.2026", "date_to:sk": "29.06.2026", "date_from:en": "28/06/2026", "date_to:en": "29/06/2026" }, "geometry": { "type": "Point", "coordinates": [ 19.806197424657153, 45.24345804268593 ] } },
{ "type": "Feature", "properties": { "fid": 54, "Rbr": 54, "week": 26, "mz_num": 24, "mz": "Братство - Телеп", "mz:sr": "Bratstvo - Telep", "mz:hu": "Bratstvo - Telep", "mz:sk": "Bratstvo - Telep", "mz:en": "Bratstvo - Telep", "position": "Банијска улица - код трафо станице", "position:sr": "Banijska ulica - kod trafo stanice", "position:hu": "Banijska utca - a transzformátor-állomásnál", "position:sk": "Banícka ulica - pri trafo stanici", "position:en": "Banijska street - near the transformer station", "date_from": "28.06.2026.", "date_to": "29.06.2026.", "date_from:sr": "28.06.2026.", "date_to:sr": "29.06.2026.", "date_from:hu": "2026.06.28", "date_to:hu": "2026.06.29", "date_from:sk": "28.06.2026", "date_to:sk": "29.06.2026", "date_from:en": "28/06/2026", "date_to:en": "29/06/2026" }, "geometry": { "type": "Point", "coordinates": [ 19.800131918295524, 45.242565396290011 ] } },
{ "type": "Feature", "properties": { "fid": 55, "Rbr": 55, "week": 27, "mz_num": 25, "mz": "Јужни Телеп", "mz:sr": "Južni Telep", "mz:hu": "Južni Telep", "mz:sk": "Južni Telep", "mz:en": "Južni Telep", "position": "Угао улица Сентелеки Корнела и Станоја Главаша", "position:sr": "Ugao ulica Senteleki Kornela i Stanoja Glavaša", "position:hu": "A Szenteleky Kornél és a Stanoje Glavaš utcák sarka", "position:sk": "Roh ulíc Szentelekiho Kornela a Stanoja Glavaša", "position:en": "Corner of Senteleki Kornela and Stanoja Glavaša streets", "date_from": "30.06.2026.", "date_to": "01.07.2026.", "date_from:sr": "30.06.2026.", "date_to:sr": "01.07.2026.", "date_from:hu": "2026.06.30", "date_to:hu": "2026.07.01", "date_from:sk": "30.06.2026", "date_to:sk": "01.07.2026", "date_from:en": "30/06/2026", "date_to:en": "01/07/2026" }, "geometry": { "type": "Point", "coordinates": [ 19.806147353582706, 45.236707080581198 ] } },
{ "type": "Feature", "properties": { "fid": 56, "Rbr": 56, "week": 27, "mz_num": 25, "mz": "Јужни Телеп", "mz:sr": "Južni Telep", "mz:hu": "Južni Telep", "mz:sk": "Južni Telep", "mz:en": "Južni Telep", "position": "Угао улица Раковачке и Фејеш Кларе", "position:sr": "Ugao ulica Rakovačke i Feješ Klare", "position:hu": "A Rakovačka és a Fejes Klára utcák sarka", "position:sk": "Roh ulíc Rakovačkej a Feješ Klare", "position:en": "Corner of Rakovačke and Feješ Klare streets", "date_from": "30.06.2026.", "date_to": "01.07.2026.", "date_from:sr": "30.06.2026.", "date_to:sr": "01.07.2026.", "date_from:hu": "2026.06.30", "date_to:hu": "2026.07.01", "date_from:sk": "30.06.2026", "date_to:sk": "01.07.2026", "date_from:en": "30/06/2026", "date_to:en": "01/07/2026" }, "geometry": { "type": "Point", "coordinates": [ 19.809696356806821, 45.232923261283879 ] } },
{ "type": "Feature", "properties": { "fid": 57, "Rbr": 57, "week": 27, "mz_num": 25, "mz": "Јужни Телеп", "mz:sr": "Južni Telep", "mz:hu": "Južni Telep", "mz:sk": "Južni Telep", "mz:en": "Južni Telep", "position": "Хероја Пинкија иза броја 121", "position:sr": "Heroja Pinkija iza broja 121", "position:hu": "A Heroja Pinkija utca 121. szám mögött", "position:sk": "Ulica Heroja Pinkija za číslom 121", "position:en": "Heroja Pinkija street, behind number 121", "date_from": "30.06.2026.", "date_to": "01.07.2026.", "date_from:sr": "30.06.2026.", "date_to:sr": "01.07.2026.", "date_from:hu": "2026.06.30", "date_to:hu": "2026.07.01", "date_from:sk": "30.06.2026", "date_to:sk": "01.07.2026", "date_from:en": "30/06/2026", "date_to:en": "01/07/2026" }, "geometry": { "type": "Point", "coordinates": [ 19.811528267495596, 45.23027640069396 ] } },
{ "type": "Feature", "properties": { "fid": 58, "Rbr": 58, "week": 27, "mz_num": 25, "mz": "Јужни Телеп", "mz:sr": "Južni Telep", "mz:hu": "Južni Telep", "mz:sk": "Južni Telep", "mz:en": "Južni Telep", "position": "Угао улица Станоја Главаша и Фејеш Кларе", "position:sr": "Ugao ulica Stanoja Glavaša i Feješ Klare", "position:hu": "A Stanoje Glavaš és a Fejes Klára utcák sarka", "position:sk": "Roh ulíc Stanoja Glavaša a Feješ Klare", "position:en": "Corner of Stanoja Glavaša and Feješ Klare streets", "date_from": "30.06.2026.", "date_to": "01.07.2026.", "date_from:sr": "30.06.2026.", "date_to:sr": "01.07.2026.", "date_from:hu": "2026.06.30", "date_to:hu": "2026.07.01", "date_from:sk": "30.06.2026", "date_to:sk": "01.07.2026", "date_from:en": "30/06/2026", "date_to:en": "01/07/2026" }, "geometry": { "type": "Point", "coordinates": [ 19.810590729791535, 45.236500753222771 ] } },
{ "type": "Feature", "properties": { "fid": 59, "Rbr": 59, "week": 27, "mz_num": 26, "mz": "Насеље „Камењар“", "mz:sr": "Naselje „Kamenjar“", "mz:hu": "Naselje „Kamenjar“", "mz:sk": "Naselje „Kamenjar“", "mz:en": "Naselje „Kamenjar“", "position": "Код ресторана Мачак", "position:sr": "Kod restorana Mačak", "position:hu": "A Mačak étteremnél", "position:sk": "Pri reštaurácii Mačak", "position:en": "Near the Mačak restaurant", "date_from": "02.07.2026.", "date_to": "03.07.2026.", "date_from:sr": "02.07.2026.", "date_to:sr": "03.07.2026.", "date_from:hu": "2026.07.02", "date_to:hu": "2026.07.03", "date_from:sk": "02.07.2026", "date_to:sk": "03.07.2026", "date_from:en": "02/07/2026", "date_to:en": "03/07/2026" }, "geometry": { "type": "Point", "coordinates": [ 19.80050054499868, 45.225276199605659 ] } },
{ "type": "Feature", "properties": { "fid": 60, "Rbr": 60, "week": 27, "mz_num": 26, "mz": "Насеље „Камењар“", "mz:sr": "Naselje „Kamenjar“", "mz:hu": "Naselje „Kamenjar“", "mz:sk": "Naselje „Kamenjar“", "mz:en": "Naselje „Kamenjar“", "position": "Камењар 2", "position:sr": "Kamenjar 2", "position:hu": "Kamenjar 2.", "position:sk": "Kamenjar 2", "position:en": "Kamenjar 2", "date_from": "02.07.2026.", "date_to": "03.07.2026.", "date_from:sr": "02.07.2026.", "date_to:sr": "03.07.2026.", "date_from:hu": "2026.07.02", "date_to:hu": "2026.07.03", "date_from:sk": "02.07.2026", "date_to:sk": "03.07.2026", "date_from:en": "02/07/2026", "date_to:en": "03/07/2026" }, "geometry": { "type": "Point", "coordinates": [ 19.784567583795994, 45.227888528420124 ] } },
{ "type": "Feature", "properties": { "fid": 61, "Rbr": 61, "week": 27, "mz_num": 26, "mz": "Насеље „Камењар“", "mz:sr": "Naselje „Kamenjar“", "mz:hu": "Naselje „Kamenjar“", "mz:sk": "Naselje „Kamenjar“", "mz:en": "Naselje „Kamenjar“", "position": "Камењар 3", "position:sr": "Kamenjar 3", "position:hu": "Kamenjar 3.", "position:sk": "Kamenjar 3", "position:en": "Kamenjar 3", "date_from": "02.07.2026.", "date_to": "03.07.2026.", "date_from:sr": "02.07.2026.", "date_to:sr": "03.07.2026.", "date_from:hu": "2026.07.02", "date_to:hu": "2026.07.03", "date_from:sk": "02.07.2026", "date_to:sk": "03.07.2026", "date_from:en": "02/07/2026", "date_to:en": "03/07/2026" }, "geometry": { "type": "Point", "coordinates": [ 19.782411074417777, 45.228056007531166 ] } },
{ "type": "Feature", "properties": { "fid": 62, "Rbr": 62, "week": 27, "mz_num": 26, "mz": "Насеље „Камењар“", "mz:sr": "Naselje „Kamenjar“", "mz:hu": "Naselje „Kamenjar“", "mz:sk": "Naselje „Kamenjar“", "mz:en": "Naselje „Kamenjar“", "position": "Камењар - код печурке", "position:sr": "Kamenjar - kod pečurke", "position:hu": "Kamenjar - a gomba alakú pihenőhelynél", "position:sk": "Kamenjar - pri hríbe", "position:en": "Kamenjar - near the mushroom-shaped shelter", "date_from": "02.07.2026.", "date_to": "03.07.2026.", "date_from:sr": "02.07.2026.", "date_to:sr": "03.07.2026.", "date_from:hu": "2026.07.02", "date_to:hu": "2026.07.03", "date_from:sk": "02.07.2026", "date_to:sk": "03.07.2026", "date_from:en": "02/07/2026", "date_to:en": "03/07/2026" }, "geometry": { "type": "Point", "coordinates": [ 19.788901235206655, 45.227463598103888 ] } },
{ "type": "Feature", "properties": { "fid": 63, "Rbr": 63, "week": 27, "mz_num": 27, "mz": "Адице", "mz:sr": "Adice", "mz:hu": "Adice", "mz:sk": "Adice", "mz:en": "Adice", "position": "Угао улица Бранка Ћопића и Каменичке", "position:sr": "Ugao ulica Branka Ćopića i Kameničke", "position:hu": "A Branko Ćopić és a Kamenička utcák sarka", "position:sk": "Roh ulíc Branka Ćopića a Kameničkej", "position:en": "Corner of Branka Ćopića and Kamenička streets", "date_from": "04.07.2026.", "date_to": "05.07.2026.", "date_from:sr": "04.07.2026.", "date_to:sr": "05.07.2026.", "date_from:hu": "2026.07.04", "date_to:hu": "2026.07.05", "date_from:sk": "04.07.2026", "date_to:sk": "05.07.2026", "date_from:en": "04/07/2026", "date_to:en": "05/07/2026" }, "geometry": { "type": "Point", "coordinates": [ 19.788051839941105, 45.233225414319335 ] } },
{ "type": "Feature", "properties": { "fid": 64, "Rbr": 64, "week": 27, "mz_num": 27, "mz": "Адице", "mz:sr": "Adice", "mz:hu": "Adice", "mz:sk": "Adice", "mz:en": "Adice", "position": "Угао улица Бањалучке и Смедеревске", "position:sr": "Ugao ulica Banjalučke i Smederevske", "position:hu": "A Banjalučka és a Smederevska utcák sarka", "position:sk": "Roh ulíc Banjalučkej a Smederevskej", "position:en": "Corner of Banjalučka and Smederevska streets", "date_from": "04.07.2026.", "date_to": "05.07.2026.", "date_from:sr": "04.07.2026.", "date_to:sr": "05.07.2026.", "date_from:hu": "2026.07.04", "date_to:hu": "2026.07.05", "date_from:sk": "04.07.2026", "date_to:sk": "05.07.2026", "date_from:en": "04/07/2026", "date_to:en": "05/07/2026" }, "geometry": { "type": "Point", "coordinates": [ 19.784130756836284, 45.234228562396808 ] } },
{ "type": "Feature", "properties": { "fid": 65, "Rbr": 65, "week": 27, "mz_num": 27, "mz": "Адице", "mz:sr": "Adice", "mz:hu": "Adice", "mz:sk": "Adice", "mz:en": "Adice", "position": "Угао улица Ветерничке и Крагујевачке", "position:sr": "Ugao ulica Veterničke i Kragujevačke", "position:hu": "A Veternička és a Kragujevačka utcák sarka", "position:sk": "Roh ulíc Veterničkej a Kragujevačkej", "position:en": "Corner of Veternička and Kragujevačka streets", "date_from": "04.07.2026.", "date_to": "05.07.2026.", "date_from:sr": "04.07.2026.", "date_to:sr": "05.07.2026.", "date_from:hu": "2026.07.04", "date_to:hu": "2026.07.05", "date_from:sk": "04.07.2026", "date_to:sk": "05.07.2026", "date_from:en": "04/07/2026", "date_to:en": "05/07/2026" }, "geometry": { "type": "Point", "coordinates": [ 19.779487959624117, 45.232978512124753 ] } },
{ "type": "Feature", "properties": { "fid": 66, "Rbr": 66, "week": 27, "mz_num": 27, "mz": "Адице", "mz:sr": "Adice", "mz:hu": "Adice", "mz:sk": "Adice", "mz:en": "Adice", "position": "Угао улица Марије Бурсаћ и Стевана Синђелића", "position:sr": "Ugao ulica Marije Bursać i Stevana Sinđelića", "position:hu": "A Marija Bursać és a Stevan Sinđelić utcák sarka", "position:sk": "Roh ulíc Marije Bursać a Stevana Sinđelića", "position:en": "Corner of Marija Bursać and Stevana Sinđelića streets", "date_from": "04.07.2026.", "date_to": "05.07.2026.", "date_from:sr": "04.07.2026.", "date_to:sr": "05.07.2026.", "date_from:hu": "2026.07.04", "date_to:hu": "2026.07.05", "date_from:sk": "04.07.2026", "date_to:sk": "05.07.2026", "date_from:en": "04/07/2026", "date_to:en": "05/07/2026" }, "geometry": { "type": "Point", "coordinates": [ 19.781375984448037, 45.238691794376564 ] } },
{ "type": "Feature", "properties": { "fid": 67, "Rbr": 67, "week": 27, "mz_num": 27, "mz": "Адице", "mz:sr": "Adice", "mz:hu": "Adice", "mz:sk": "Adice", "mz:en": "Adice", "position": "Угао улица Десанке Максимовић и Васка Попе", "position:sr": "Ugao ulica Desanke Maksimović i Vaska Pope", "position:hu": "A Desanka Maksimović és a Vasko Popa utcák sarka", "position:sk": "Roh ulíc Desanky Maksimovićovej a Vaska Popu", "position:en": "Corner of Desanke Maksimović and Vasko Popa streets", "date_from": "04.07.2026.", "date_to": "05.07.2026.", "date_from:sr": "04.07.2026.", "date_to:sr": "05.07.2026.", "date_from:hu": "2026.07.04", "date_to:hu": "2026.07.05", "date_from:sk": "04.07.2026", "date_to:sk": "05.07.2026", "date_from:en": "04/07/2026", "date_to:en": "05/07/2026" }, "geometry": { "type": "Point", "coordinates": [ 19.795938897458871, 45.236275433387945 ] } },
{ "type": "Feature", "properties": { "fid": 68, "Rbr": 68, "week": 28, "mz_num": 28, "mz": "Ветерник", "mz:sr": "Veternik", "mz:hu": "Veternik", "mz:sk": "Veternik", "mz:en": "Veternik", "position": "Угао улица Војводе Бојовића и Војводе Путника", "position:sr": "Ugao ulica Vojvode Bojovića i Vojvode Putnika", "position:hu": "A Vojvode Bojovića és a Vojvode Putnika utcák sarka", "position:sk": "Roh ulíc Vojvode Bojovića a Vojvode Putnika", "position:en": "Corner of Vojvode Bojovića and Vojvode Putnika streets", "date_from": "06.07.2026.", "date_to": "07.07.2026.", "date_from:sr": "06.07.2026.", "date_to:sr": "07.07.2026.", "date_from:hu": "2026.07.06", "date_to:hu": "2026.07.07", "date_from:sk": "06.07.2026", "date_to:sk": "07.07.2026", "date_from:en": "06/07/2026", "date_to:en": "07/07/2026" }, "geometry": { "type": "Point", "coordinates": [ 19.75678070670596, 45.257496096947868 ] } },
{ "type": "Feature", "properties": { "fid": 69, "Rbr": 69, "week": 28, "mz_num": 28, "mz": "Ветерник", "mz:sr": "Veternik", "mz:hu": "Veternik", "mz:sk": "Veternik", "mz:en": "Veternik", "position": "Дунавска бб", "position:sr": "Dunavska bb", "position:hu": "Dunavska utca h.sz. nélkül", "position:sk": "Dunajská ulica bez čísla", "position:en": "Dunavska street n.n.", "date_from": "06.07.2026.", "date_to": "07.07.2026.", "date_from:sr": "06.07.2026.", "date_to:sr": "07.07.2026.", "date_from:hu": "2026.07.06", "date_to:hu": "2026.07.07", "date_from:sk": "06.07.2026", "date_to:sk": "07.07.2026", "date_from:en": "06/07/2026", "date_to:en": "07/07/2026" }, "geometry": { "type": "Point", "coordinates": [ 19.769016204733489, 45.243749272602095 ] } },
{ "type": "Feature", "properties": { "fid": 70, "Rbr": 70, "week": 28, "mz_num": 28, "mz": "Ветерник", "mz:sr": "Veternik", "mz:hu": "Veternik", "mz:sk": "Veternik", "mz:en": "Veternik", "position": "Улица Краља Петра Првог - код стадиона", "position:sr": "Ulica Kralja Petra Prvog - kod stadiona", "position:hu": "Kralja Petra Prvog utca - a stadionnál", "position:sk": "Ulica Kralja Petra Prvoga - pri štadióne", "position:en": "Kralja Petra Prvog street - near the stadium", "date_from": "06.07.2026.", "date_to": "07.07.2026.", "date_from:sr": "06.07.2026.", "date_to:sr": "07.07.2026.", "date_from:hu": "2026.07.06", "date_to:hu": "2026.07.07", "date_from:sk": "06.07.2026", "date_to:sk": "07.07.2026", "date_from:en": "06/07/2026", "date_to:en": "07/07/2026" }, "geometry": { "type": "Point", "coordinates": [ 19.763083312161935, 45.254948075717145 ] } },
{ "type": "Feature", "properties": { "fid": 71, "Rbr": 71, "week": 28, "mz_num": 28, "mz": "Ветерник", "mz:sr": "Veternik", "mz:hu": "Veternik", "mz:sk": "Veternik", "mz:en": "Veternik", "position": "Улица Вука Караџића - код амбуланте", "position:sr": "Ulica Vuka Karadžića - kod ambulante", "position:hu": "Vuka Karadžića utca - az orvosi rendelőnél", "position:sk": "Ulica Vuka Karadžića - pri ambulancii", "position:en": "Vuka Karadžića street - near the clinic", "date_from": "06.07.2026.", "date_to": "07.07.2026.", "date_from:sr": "06.07.2026.", "date_to:sr": "07.07.2026.", "date_from:hu": "2026.07.06", "date_to:hu": "2026.07.07", "date_from:sk": "06.07.2026", "date_to:sk": "07.07.2026", "date_from:en": "06/07/2026", "date_to:en": "07/07/2026" }, "geometry": { "type": "Point", "coordinates": [ 19.753016130240557, 45.255952295849283 ] } },
{ "type": "Feature", "properties": { "fid": 72, "Rbr": 72, "week": 28, "mz_num": 29, "mz": "Футог", "mz:sr": "Futog", "mz:hu": "Futak ", "mz:sk": "Futog", "mz:en": "Futog", "position": "Угао улица Дунавске и Петра Мећаве", "position:sr": "Ugao ulica Dunavske i Petra Mećave", "position:hu": "A Dunavska és a Petra Mećave utcák sarka", "position:sk": "Roh ulíc Dunajskej a Petra Mećavu", "position:en": "Corner of Dunavska and Petra Mećave streets", "date_from": "08.07.2026.", "date_to": "09.07.2026.", "date_from:sr": "08.07.2026.", "date_to:sr": "09.07.2026.", "date_from:hu": "2026.07.08", "date_to:hu": "2026.07.09", "date_from:sk": "08.07.2026", "date_to:sk": "09.07.2026", "date_from:en": "08/07/2026", "date_to:en": "09/07/2026" }, "geometry": { "type": "Point", "coordinates": [ 19.693662223924896, 45.233931896683785 ] } },
{ "type": "Feature", "properties": { "fid": 73, "Rbr": 74, "week": 28, "mz_num": 29, "mz": "Футог", "mz:sr": "Futog", "mz:hu": "Futak ", "mz:sk": "Futog", "mz:en": "Futog", "position": "Угао улица Руменачке и Цара Лазара", "position:sr": "Ugao ulica Rumenačke i Cara Lazara", "position:hu": "A Rumenačka és a Cara Lazara utcák sarka", "position:sk": "Roh ulíc Rumenačkej a Cara Lazara", "position:en": "Corner of Rumenačka and Cara Lazara streets", "date_from": "08.07.2026.", "date_to": "09.07.2026.", "date_from:sr": "08.07.2026.", "date_to:sr": "09.07.2026.", "date_from:hu": "2026.07.08", "date_to:hu": "2026.07.09", "date_from:sk": "08.07.2026", "date_to:sk": "09.07.2026", "date_from:en": "08/07/2026", "date_to:en": "09/07/2026" }, "geometry": { "type": "Point", "coordinates": [ 19.727989315828793, 45.242977372052827 ] } },
{ "type": "Feature", "properties": { "fid": 74, "Rbr": 75, "week": 28, "mz_num": 29, "mz": "Футог", "mz:sr": "Futog", "mz:hu": "Futak ", "mz:sk": "Futog", "mz:en": "Futog", "position": "Угао улица Др Милана Николића и Соње Маринковић", "position:sr": "Ugao ulica Dr Milana Nikolića i Sonje Marinković", "position:hu": "A Dr Milana Nikolića és a Sonja Marinković utcák sarka", "position:sk": "Roh ulíc Dr. Milana Nikolića a Sonje Marinkovićovej", "position:en": "Corner of Dr Milana Nikolića and Sonja Marinković streets", "date_from": "08.07.2026.", "date_to": "09.07.2026.", "date_from:sr": "08.07.2026.", "date_to:sr": "09.07.2026.", "date_from:hu": "2026.07.08", "date_to:hu": "2026.07.09", "date_from:sk": "08.07.2026", "date_to:sk": "09.07.2026", "date_from:en": "08/07/2026", "date_to:en": "09/07/2026" }, "geometry": { "type": "Point", "coordinates": [ 19.690478446416503, 45.244446231350544 ] } },
{ "type": "Feature", "properties": { "fid": 75, "Rbr": 76, "week": 28, "mz_num": 30, "mz": "Бегеч", "mz:sr": "Begeč", "mz:hu": "Begecs", "mz:sk": "Begeč", "mz:en": "Begeč", "position": "Угао улица Партизанске и Ђуре Јакшића", "position:sr": "Ugao ulica Partizanske i Đure Jakšića", "position:hu": "A Partizanska és a Đura Jakšić utcák sarka", "position:sk": "Roh ulíc Partizanskej a Đuru Jakšića", "position:en": "Corner of Partizanska and Đure Jakšića streets", "date_from": "10.07.2026.", "date_to": "11.07.2026.", "date_from:sr": "10.07.2026.", "date_to:sr": "11.07.2026.", "date_from:hu": "2026.07.10", "date_to:hu": "2026.07.11", "date_from:sk": "10.07.2026", "date_to:sk": "11.07.2026", "date_from:en": "10/07/2026", "date_to:en": "11/07/2026" }, "geometry": { "type": "Point", "coordinates": [ 19.625515146303194, 45.241028885229333 ] } },
{ "type": "Feature", "properties": { "fid": 76, "Rbr": 77, "week": 28, "mz_num": 30, "mz": "Бегеч", "mz:sr": "Begeč", "mz:hu": "Begecs", "mz:sk": "Begeč", "mz:en": "Begeč", "position": "Угао улица Партизанске, Ослобођења и Николе Тесле", "position:sr": "Ugao ulica Partizanske, Oslobođenja i Nikole Tesle", "position:hu": "A Partizanska, az Oslobođenja és a Nikola Tesla utcák sarka", "position:sk": "Roh ulíc Partizanskej, Oslobođenja a Nikole Teslu", "position:en": "Corner of Partizanska, Oslobođenja, and Nikola Tesla streets", "date_from": "10.07.2026.", "date_to": "11.07.2026.", "date_from:sr": "10.07.2026.", "date_to:sr": "11.07.2026.", "date_from:hu": "2026.07.10", "date_to:hu": "2026.07.11", "date_from:sk": "10.07.2026", "date_to:sk": "11.07.2026", "date_from:en": "10/07/2026", "date_to:en": "11/07/2026" }, "geometry": { "type": "Point", "coordinates": [ 19.630652406755136, 45.24086651132739 ] } },
{ "type": "Feature", "properties": { "fid": 77, "Rbr": 73, "week": 28, "mz_num": 29, "mz": "Футог", "mz:sr": "Futog", "mz:hu": "Futak ", "mz:sk": "Futog", "mz:en": "Futog", "position": "Угао улица Тозе Марковића и Индустријске", "position:sr": "Ugao ulica Toze Markovića i Industrijske", "position:hu": "A Toze Markovića és az Industrijska utcák sarka", "position:sk": "Roh ulíc Toze Markovića a Industrijskej", "position:en": "Corner of Toze Markovića and Industrijska streets", "date_from": "08.07.2026.", "date_to": "09.07.2026.", "date_from:sr": "08.07.2026.", "date_to:sr": "09.07.2026.", "date_from:hu": "2026.07.08", "date_to:hu": "2026.07.09", "date_from:sk": "08.07.2026", "date_to:sk": "09.07.2026", "date_from:en": "08/07/2026", "date_to:en": "09/07/2026" }, "geometry": { "type": "Point", "coordinates": [ 19.71777801787718, 45.245935300500584 ] } },
{ "type": "Feature", "properties": { "fid": 78, "Rbr": 78, "week": 28, "mz_num": 30, "mz": "Бегеч", "mz:sr": "Begeč", "mz:hu": "Begecs", "mz:sk": "Begeč", "mz:en": "Begeč", "position": "Угао улица Лазе Костића и Петра Драпшина", "position:sr": "Ugao ulica Laze Kostića i Petra Drapšina", "position:hu": "A Laze Kostića és a Petra Drapšina utcák sarka", "position:sk": "Roh ulíc Laze Kostića a Petra Drapšina", "position:en": "Corner of Laze Kostića and Petra Drapšina streets", "date_from": "10.07.2026.", "date_to": "11.07.2026.", "date_from:sr": "10.07.2026.", "date_to:sr": "11.07.2026.", "date_from:hu": "2026.07.10", "date_to:hu": "2026.07.11", "date_from:sk": "10.07.2026", "date_to:sk": "11.07.2026", "date_from:en": "10/07/2026", "date_to:en": "11/07/2026" }, "geometry": { "type": "Point", "coordinates": [ 19.629655211168114, 45.232384990782975 ] } },
{ "type": "Feature", "properties": { "fid": 79, "Rbr": 79, "week": 28, "mz_num": 30, "mz": "Бегеч", "mz:sr": "Begeč", "mz:hu": "Begecs", "mz:sk": "Begeč", "mz:en": "Begeč", "position": "Угао улица Обалске и Лазе Костића - на аутобуској окретници", "position:sr": "Ugao ulica Obalske i Laze Kostića - na autobuskoj okretnici", "position:hu": "A Obalska és a Laze Kostića utcák sarka - a buszfordulónál", "position:sk": "Roh ulíc Obalskej a Laze Kostića - na autobusovej točni", "position:en": "Corner of Obalska and Laze Kostića streets - at the bus turnaround", "date_from": "10.07.2026.", "date_to": "11.07.2026.", "date_from:sr": "10.07.2026.", "date_to:sr": "11.07.2026.", "date_from:hu": "2026.07.10", "date_to:hu": "2026.07.11", "date_from:sk": "10.07.2026", "date_to:sk": "11.07.2026", "date_from:en": "10/07/2026", "date_to:en": "11/07/2026" }, "geometry": { "type": "Point", "coordinates": [ 19.622414679416725, 45.231189779280328 ] } },
{ "type": "Feature", "properties": { "fid": 80, "Rbr": 80, "week": 28, "mz_num": 31, "mz": "Пејићеви salaši - Немановци", "mz:sr": "Pejićevi salaši - Nemanovci", "mz:hu": "Pejićevi salaši - Nemanovci", "mz:sk": "Pejićevi salaši - Nemanovci", "mz:en": "Pejićevi salaši - Nemanovci", "position": "Немановци 29 - на проширеном делу код цистерне за воду", "position:sr": "Nemanovci 29 - na proširenom delu kod cisterne za vodu", "position:hu": "Nemanovci 29. - a kibővített részen, а víztartálynál", "position:sk": "Nemanovci 29 - na rozšírenej časti pri cisterne na vodu", "position:en": "29 Nemanovci - on the widened area near the water tank", "date_from": "12.07.2026.", "date_to": "13.07.2026.", "date_from:sr": "12.07.2026.", "date_to:sr": "13.07.2026.", "date_from:hu": "2026.07.12", "date_to:hu": "2026.07.13", "date_from:sk": "12.07.2026", "date_to:sk": "13.07.2026", "date_from:en": "12/07/2026", "date_to:en": "13/07/2026" }, "geometry": { "type": "Point", "coordinates": [ 19.871903632206916, 45.329070045411889 ] } },
{ "type": "Feature", "properties": { "fid": 81, "Rbr": 81, "week": 28, "mz_num": 31, "mz": "Пејићеви salaši - Немановци", "mz:sr": "Pejićevi salaši - Nemanovci", "mz:hu": "Pejićevi salaši - Nemanovci", "mz:sk": "Pejićevi salaši - Nemanovci", "mz:en": "Pejićevi salaši - Nemanovci", "position": "Пејићеви салаши - код аутобуске станице", "position:sr": "Pejićevi salaši - kod autobuske stanice", "position:hu": "Pejićevi salaši - a buszmegállónál", "position:sk": "Pejićevi salaši - pri autobusovej zastávke", "position:en": "Pejićevi salaši - near the bus stop", "date_from": "12.07.2026.", "date_to": "13.07.2026.", "date_from:sr": "12.07.2026.", "date_to:sr": "13.07.2026.", "date_from:hu": "2026.07.12", "date_to:hu": "2026.07.13", "date_from:sk": "12.07.2026", "date_to:sk": "13.07.2026", "date_from:en": "12/07/2026", "date_to:en": "13/07/2026" }, "geometry": { "type": "Point", "coordinates": [ 19.869983737867901, 45.324162122316274 ] } },
{ "type": "Feature", "properties": { "fid": 82, "Rbr": 82, "week": 29, "mz_num": 32, "mz": "Шангај", "mz:sr": "Šangaj", "mz:hu": "Sanghaj", "mz:sk": "Šangaj", "mz:en": "Šangaj", "position": "Угао Седме и Осме улице", "position:sr": "Ugao Sedme i Osme ulice", "position:hu": "A Hetedik és a Nyolcadik utcák sarka", "position:sk": "Roh Sedmej a Osmej ulice", "position:en": "Corner of Sedma and Osma streets", "date_from": "14.07.2026.", "date_to": "15.07.2026.", "date_from:sr": "14.07.2026.", "date_to:sr": "15.07.2026.", "date_from:hu": "2026.07.14", "date_to:hu": "2026.07.15", "date_from:sk": "14.07.2026", "date_to:sk": "15.07.2026", "date_from:en": "14/07/2026", "date_to:en": "15/07/2026" }, "geometry": { "type": "Point", "coordinates": [ 19.876314122929053, 45.273565694000169 ] } },
{ "type": "Feature", "properties": { "fid": 83, "Rbr": 83, "week": 29, "mz_num": 32, "mz": "Шангај", "mz:sr": "Šangaj", "mz:hu": "Sanghaj", "mz:sk": "Šangaj", "mz:en": "Šangaj", "position": "Угао Прве и Осме улице", "position:sr": "Ugao Prve i Osme ulice", "position:hu": "A Első és a Nyolcadik utcák sarka", "position:sk": "Roh Prvej a Osmej ulice", "position:en": "Corner of Prva and Osma streets", "date_from": "14.07.2026.", "date_to": "15.07.2026.", "date_from:sr": "14.07.2026.", "date_to:sr": "15.07.2026.", "date_from:hu": "2026.07.14", "date_to:hu": "2026.07.15", "date_from:sk": "14.07.2026", "date_to:sk": "15.07.2026", "date_from:en": "14/07/2026", "date_to:en": "15/07/2026" }, "geometry": { "type": "Point", "coordinates": [ 19.873154368381837, 45.27198238221073 ] } },
{ "type": "Feature", "properties": { "fid": 84, "Rbr": 84, "week": 29, "mz_num": 32, "mz": "Шангај", "mz:sr": "Šangaj", "mz:hu": "Sanghaj", "mz:sk": "Šangaj", "mz:en": "Šangaj", "position": "Угао Седме улице и противпожарног пута - код црпне станице", "position:sr": "Ugao Sedme ulice i protivpožarnog puta - kod crpne stanice", "position:hu": "A Hetedik utca és a tűzoltóút sarka - a szivattyúállomásnál", "position:sk": "Roh Sedmej ulice a požiarnej cesty - pri čerpacej stanici", "position:en": "Corner of Sedma street and the fire lane - near the pumping station", "date_from": "14.07.2026.", "date_to": "15.07.2026.", "date_from:sr": "14.07.2026.", "date_to:sr": "15.07.2026.", "date_from:hu": "2026.07.14", "date_to:hu": "2026.07.15", "date_from:sk": "14.07.2026", "date_to:sk": "15.07.2026", "date_from:en": "14/07/2026", "date_to:en": "15/07/2026" }, "geometry": { "type": "Point", "coordinates": [ 19.87918824024457, 45.26972089665334 ] } },
{ "type": "Feature", "properties": { "fid": 85, "Rbr": 85, "week": 29, "mz_num": 32, "mz": "Шангај", "mz:sr": "Šangaj", "mz:hu": "Sanghaj", "mz:sk": "Šangaj", "mz:en": "Šangaj", "position": "На крају Четврте улице", "position:sr": "Na kraju Četvrte ulice", "position:hu": "A Negyedik utca végén", "position:sk": "Na konci Štvrtej ulice", "position:en": "At the end of Četvrta street", "date_from": "14.07.2026.", "date_to": "15.07.2026.", "date_from:sr": "14.07.2026.", "date_to:sr": "15.07.2026.", "date_from:hu": "2026.07.14", "date_to:hu": "2026.07.15", "date_from:sk": "14.07.2026", "date_to:sk": "15.07.2026", "date_from:en": "14/07/2026", "date_to:en": "15/07/2026" }, "geometry": { "type": "Point", "coordinates": [ 19.876668450477023, 45.270724920109124 ] } },
{ "type": "Feature", "properties": { "fid": 86, "Rbr": 86, "week": 29, "mz_num": 33, "mz": "Каћ", "mz:sr": "Kać", "mz:hu": "Káty", "mz:sk": "Kać", "mz:en": "Kać", "position": "Почетак улице Народне војске - код вашаришта", "position:sr": "Početak ulice Narodne vojske - kod vašarišta", "position:hu": "A Narodne vojske utca eleje - a vásártérnél", "position:sk": "Začiatok Ulice národnej vojska - pri jarmoku", "position:en": "Beginning of Narodne vojske street - near the fairgrounds", "date_from": "16.07.2026.", "date_to": "17.07.2026.", "date_from:sr": "16.07.2026.", "date_to:sr": "17.07.2026.", "date_from:hu": "2026.07.16", "date_to:hu": "2026.07.17", "date_from:sk": "16.07.2026", "date_to:sk": "17.07.2026", "date_from:en": "16/07/2026", "date_to:en": "17/07/2026" }, "geometry": { "type": "Point", "coordinates": [ 19.945458159968293, 45.295215651734139 ] } },
{ "type": "Feature", "properties": { "fid": 87, "Rbr": 87, "week": 29, "mz_num": 33, "mz": "Каћ", "mz:sr": "Kać", "mz:hu": "Káty", "mz:sk": "Kać", "mz:en": "Kać", "position": "Новосадска улица", "position:sr": "Novosadska ulica", "position:hu": "Novosadska utca", "position:sk": "Novosadská ulica", "position:en": "Novosadska street", "date_from": "16.07.2026.", "date_to": "17.07.2026.", "date_from:sr": "16.07.2026.", "date_to:sr": "17.07.2026.", "date_from:hu": "2026.07.16", "date_to:hu": "2026.07.17", "date_from:sk": "16.07.2026", "date_to:sk": "17.07.2026", "date_from:en": "16/07/2026", "date_to:en": "17/07/2026" }, "geometry": { "type": "Point", "coordinates": [ 19.923246133012707, 45.299972828395347 ] } },
{ "type": "Feature", "properties": { "fid": 88, "Rbr": 88, "week": 29, "mz_num": 33, "mz": "Каћ", "mz:sr": "Kać", "mz:hu": "Káty", "mz:sk": "Kać", "mz:en": "Kać", "position": "Партизанска улица - код рампе", "position:sr": "Partizanska ulica - kod rampe", "position:hu": "Partizanska utca - a sorompónál", "position:sk": "Partizanska ulica - pri rampe", "position:en": "Partizanska street - near the railway barrier", "date_from": "16.07.2026.", "date_to": "17.07.2026.", "date_from:sr": "16.07.2026.", "date_to:sr": "17.07.2026.", "date_from:hu": "2026.07.16", "date_to:hu": "2026.07.17", "date_from:sk": "16.07.2026", "date_to:sk": "17.07.2026", "date_from:en": "16/07/2026", "date_to:en": "17/07/2026" }, "geometry": { "type": "Point", "coordinates": [ 19.960139177463944, 45.300494479878019 ] } },
{ "type": "Feature", "properties": { "fid": 89, "Rbr": 89, "week": 29, "mz_num": 33, "mz": "Каћ", "mz:sr": "Kać", "mz:hu": "Káty", "mz:sk": "Kać", "mz:en": "Kać", "position": "Моше Пијаде - на крају улице", "position:sr": "Moše Pijade - na kraju ulice", "position:hu": "Moše Pijade utca - az utca végén", "position:sk": "Moše Pijade - na konci ulice", "position:en": "Moše Pijade street - at the end of the street", "date_from": "16.07.2026.", "date_to": "17.07.2026.", "date_from:sr": "16.07.2026.", "date_to:sr": "17.07.2026.", "date_from:hu": "2026.07.16", "date_to:hu": "2026.07.17", "date_from:sk": "16.07.2026", "date_to:sk": "17.07.2026", "date_from:en": "16/07/2026", "date_to:en": "17/07/2026" }, "geometry": { "type": "Point", "coordinates": [ 19.927267122342549, 45.312487122838306 ] } },
{ "type": "Feature", "properties": { "fid": 90, "Rbr": 90, "week": 29, "mz_num": 33, "mz": "Каћ", "mz:sr": "Kać", "mz:hu": "Káty", "mz:sk": "Kać", "mz:en": "Kać", "position": "Партизанска улица - код млина", "position:sr": "Partizanska ulica - kod mlina", "position:hu": "Partizanska utca - a malomnál", "position:sk": "Partizanska ulica - pri mlyne", "position:en": "Partizanska street - near the mill", "date_from": "16.07.2026.", "date_to": "17.07.2026.", "date_from:sr": "16.07.2026.", "date_to:sr": "17.07.2026.", "date_from:hu": "2026.07.16", "date_to:hu": "2026.07.17", "date_from:sk": "16.07.2026", "date_to:sk": "17.07.2026", "date_from:en": "16/07/2026", "date_to:en": "17/07/2026" }, "geometry": { "type": "Point", "coordinates": [ 19.938845530109539, 45.310126338312529 ] } },
{ "type": "Feature", "properties": { "fid": 91, "Rbr": 91, "week": 29, "mz_num": 34, "mz": "Будисава", "mz:sr": "Budisava", "mz:hu": "Tiszakálmánfalva", "mz:sk": "Budisava", "mz:en": "Budisava", "position": "Угао улица Војвођанске и Партизанске - код трафоа", "position:sr": "Ugao ulica Vojvođanske i Partizanske - kod trafoa", "position:hu": "A Vojvođanska és a Partizanska utcák sarka - a transzformátornál", "position:sk": "Roh ulíc Vojvođanskej a Partizanskej - pri trafe", "position:en": "Corner of Vojvođanska and Partizanska streets - near the transformer", "date_from": "18.07.2026.", "date_to": "19.07.2026.", "date_from:sr": "18.07.2026.", "date_to:sr": "19.07.2026.", "date_from:hu": "2026.07.18", "date_to:hu": "2026.07.19", "date_from:sk": "18.07.2026", "date_to:sk": "19.07.2026", "date_from:en": "18/07/2026", "date_to:en": "19/07/2026" }, "geometry": { "type": "Point", "coordinates": [ 19.987772759732486, 45.280975575138967 ] } },
{ "type": "Feature", "properties": { "fid": 92, "Rbr": 92, "week": 29, "mz_num": 34, "mz": "Будисава", "mz:sr": "Budisava", "mz:hu": "Tiszakálmánfalva", "mz:sk": "Budisava", "mz:en": "Budisava", "position": "Угао улица Петра Драпшина и Вука Караџића", "position:sr": "Ugao ulica Petra Drapšina i Vuka Karadžića", "position:hu": "A Petra Drapšina és a Vuka Karadžića utcák sarka", "position:sk": "Roh ulíc Petra Drapšina a Vuka Karadžića", "position:en": "Corner of Petra Drapšina and Vuka Karadžića streets", "date_from": "18.07.2026.", "date_to": "19.07.2026.", "date_from:sr": "18.07.2026.", "date_to:sr": "19.07.2026.", "date_from:hu": "2026.07.18", "date_to:hu": "2026.07.19", "date_from:sk": "18.07.2026", "date_to:sk": "19.07.2026", "date_from:en": "18/07/2026", "date_to:en": "19/07/2026" }, "geometry": { "type": "Point", "coordinates": [ 19.998468395508031, 45.278274737940208 ] } },
{ "type": "Feature", "properties": { "fid": 93, "Rbr": 93, "week": 29, "mz_num": 34, "mz": "Будисава", "mz:sr": "Budisava", "mz:hu": "Tiszakálmánfalva", "mz:sk": "Budisava", "mz:en": "Budisava", "position": "Угао улица Железничке и Петефи Шандора - код баре", "position:sr": "Ugao ulica Železničke i Petefi Šandora - kod bare", "position:hu": "A Železnička és a Petőfi Sándor utcák sarka - a tónál", "position:sk": "Roh ulíc Železničnej a Petőfi Šandora - pri močiari", "position:en": "Corner of Železnička and Petefi Šandora streets - near the pond", "date_from": "18.07.2026.", "date_to": "19.07.2026.", "date_from:sr": "18.07.2026.", "date_to:sr": "19.07.2026.", "date_from:hu": "2026.07.18", "date_to:hu": "2026.07.19", "date_from:sk": "18.07.2026", "date_to:sk": "19.07.2026", "date_from:en": "18/07/2026", "date_to:en": "19/07/2026" }, "geometry": { "type": "Point", "coordinates": [ 19.994077087036892, 45.284563041820213 ] } },
{ "type": "Feature", "properties": { "fid": 94, "Rbr": 94, "week": 30, "mz_num": 35, "mz": "Ковиљ", "mz:sr": "Kovilj", "mz:hu": "Kabol", "mz:sk": "Kovilj", "mz:en": "Kovilj", "position": "Угао улица Војвођанских бригада и Јовице Павлице", "position:sr": "Ugao ulica Vojvođanskih brigada i Jovice Pavlice", "position:hu": "A Vojvođanskih brigada és a Jovica Pavlica utcák sarka", "position:sk": "Roh ulíc Vojvođanskih brigada a Jovice Pavlicu", "position:en": "Corner of Vojvođanskih brigada and Jovica Pavlice streets", "date_from": "20.07.2026.", "date_to": "21.07.2026.", "date_from:sr": "20.07.2026.", "date_to:sr": "21.07.2026.", "date_from:hu": "2026.07.20", "date_to:hu": "2026.07.21", "date_from:sk": "20.07.2026", "date_to:sk": "21.07.2026", "date_from:en": "20/07/2026", "date_to:en": "21/07/2026" }, "geometry": { "type": "Point", "coordinates": [ 20.035250166178834, 45.22063491967414 ] } },
{ "type": "Feature", "properties": { "fid": 95, "Rbr": 95, "week": 30, "mz_num": 35, "mz": "Ковиљ", "mz:sr": "Kovilj", "mz:hu": "Kabol", "mz:sk": "Kovilj", "mz:en": "Kovilj", "position": "Угао улица Лазе Костића и Душана Вицкова", "position:sr": "Ugao ulica Laze Kostića i Dušana Vickova", "position:hu": "A Laze Kostića és a Dušan Vickov utcák sarka", "position:sk": "Roh ulíc Laze Kostića a Dušana Vickova", "position:en": "Corner of Laze Kostića and Dušana Vickova streets", "date_from": "20.07.2026.", "date_to": "21.07.2026.", "date_from:sr": "20.07.2026.", "date_to:sr": "21.07.2026.", "date_from:hu": "2026.07.20", "date_to:hu": "2026.07.21", "date_from:sk": "20.07.2026", "date_to:sk": "21.07.2026", "date_from:en": "20/07/2026", "date_to:en": "21/07/2026" }, "geometry": { "type": "Point", "coordinates": [ 20.020336809029629, 45.21967173383068 ] } },
{ "type": "Feature", "properties": { "fid": 96, "Rbr": 96, "week": 30, "mz_num": 35, "mz": "Ковиљ", "mz:sr": "Kovilj", "mz:hu": "Kabol", "mz:sk": "Kovilj", "mz:en": "Kovilj", "position": "Угао улица Бранка Бајића и Лазе Костића", "position:sr": "Ugao ulica Branka Bajića i Laze Kostića", "position:hu": "A Branko Bajić és a Laze Kostića utcák sarka", "position:sk": "Roh ulíc Branka Bajića a Laze Kostića", "position:en": "Corner of Branka Bajića and Laze Kostića streets", "date_from": "20.07.2026.", "date_to": "21.07.2026.", "date_from:sr": "20.07.2026.", "date_to:sr": "21.07.2026.", "date_from:hu": "2026.07.20", "date_to:hu": "2026.07.21", "date_from:sk": "20.07.2026", "date_to:sk": "21.07.2026", "date_from:en": "20/07/2026", "date_to:en": "21/07/2026" }, "geometry": { "type": "Point", "coordinates": [ 20.02936155771814, 45.236686830144727 ] } },
{ "type": "Feature", "properties": { "fid": 97, "Rbr": 97, "week": 30, "mz_num": 36, "mz": "Сајлово", "mz:sr": "Sajlovo", "mz:hu": "Zajol", "mz:sk": "Sajlovo", "mz:en": "Sajlovo", "position": "Угао улица Горње Сајлова и Дафине Нане Натошевић", "position:sr": "Ugao ulica Gornje Sajlova i Dafine Nane Natošević", "position:hu": "A Gornje Sajlovo és a Dafina Nana Natošević utcák sarka", "position:sk": "Roh ulíc Gornje Sajlovo a Dafine Nane Natoševićovej", "position:en": "Corner of Gornje Sajlovo and Dafine Nane Natošević streets", "date_from": "22.07.2026.", "date_to": "23.07.2026.", "date_from:sr": "22.07.2026.", "date_to:sr": "23.07.2026.", "date_from:hu": "2026.07.22", "date_to:hu": "2026.07.23", "date_from:sk": "22.07.2026", "date_to:sk": "23.07.2026", "date_from:en": "22/07/2026", "date_to:en": "23/07/2026" }, "geometry": { "type": "Point", "coordinates": [ 19.776191452469309, 45.272191177816133 ] } },
{ "type": "Feature", "properties": { "fid": 98, "Rbr": 98, "week": 30, "mz_num": 36, "mz": "Сајлово", "mz:sr": "Sajlovo", "mz:hu": "Zajol", "mz:sk": "Sajlovo", "mz:en": "Sajlovo", "position": "На углу улица Доње Сајлово и Стевана Нештицког", "position:sr": "Na uglu ulica Donje Sajlovo i Stevana Neštickog", "position:hu": "A Donje Sajlovo és a Stevan Nešticki utcák sarka", "position:sk": "Roh ulíc Donje Sajlovo a Stevana Neštického", "position:en": "At the corner of Donje Sajlovo and Stevana Neštickog streets", "date_from": "22.07.2026.", "date_to": "23.07.2026.", "date_from:sr": "22.07.2026.", "date_to:sr": "23.07.2026.", "date_from:hu": "2026.07.22", "date_to:hu": "2026.07.23", "date_from:sk": "22.07.2026", "date_to:sk": "23.07.2026", "date_from:en": "22/07/2026", "date_to:en": "23/07/2026" }, "geometry": { "type": "Point", "coordinates": [ 19.787380253639753, 45.275872114472946 ] } },
{ "type": "Feature", "properties": { "fid": 99, "Rbr": 99, "week": 30, "mz_num": 36, "mz": "Сајлово", "mz:sr": "Sajlovo", "mz:hu": "Zajol", "mz:sk": "Sajlovo", "mz:en": "Sajlovo", "position": "Угао улица Јове Вучерића и Доњег Сајлова", "position:sr": "Ugao ulica Jove Vučerića i Donjeg Sajlova", "position:hu": "A Jove Vučerića és a Donje Sajlovo utcák sarka", "position:sk": "Roh ulíc Jove Vučerića a Donje Sajlovo", "position:en": "Corner of Jove Vučerića and Donje Sajlovo streets", "date_from": "22.07.2026.", "date_to": "23.07.2026.", "date_from:sr": "22.07.2026.", "date_to:sr": "23.07.2026.", "date_from:hu": "2026.07.22", "date_to:hu": "2026.07.23", "date_from:sk": "22.07.2026", "date_to:sk": "23.07.2026", "date_from:en": "22/07/2026", "date_to:en": "23/07/2026" }, "geometry": { "type": "Point", "coordinates": [ 19.781668793037518, 45.270834527885043 ] } },
{ "type": "Feature", "properties": { "fid": 100, "Rbr": 100, "week": 30, "mz_num": 36, "mz": "Сајлово", "mz:sr": "Sajlovo", "mz:hu": "Zajol", "mz:sk": "Sajlovo", "mz:en": "Sajlovo", "position": "Горње Сајлово 37 - код МЗ ,,Сајлово’’", "position:sr": "Gornje Sajlovo 37 - kod MZ ,,Sajlovo’’", "position:hu": "Gornje Sajlovo utca 37. - a „Sajlovo” HK épületénél", "position:sk": "Gornje Sajlovo 37 - pri MS „Sajlovo”", "position:en": "37 Gornje Sajlovo street - near the \"Sajlovo\" Local Community", "date_from": "22.07.2026.", "date_to": "23.07.2026.", "date_from:sr": "22.07.2026.", "date_to:sr": "23.07.2026.", "date_from:hu": "2026.07.22", "date_to:hu": "2026.07.23", "date_from:sk": "22.07.2026", "date_to:sk": "23.07.2026", "date_from:en": "22/07/2026", "date_to:en": "23/07/2026" }, "geometry": { "type": "Point", "coordinates": [ 19.782442665089182, 45.277358435449464 ] } },
{ "type": "Feature", "properties": { "fid": 101, "Rbr": 101, "week": 30, "mz_num": 37, "mz": "Руменка", "mz:sr": "Rumenka", "mz:hu": "Piros", "mz:sk": "Rumenka", "mz:en": "Rumenka", "position": "Партизанска 43 - на слободној површини", "position:sr": "Partizanska 43 - na slobodnoj površini", "position:hu": "Partizanska utca 43. - a szabad területen", "position:sk": "Partizanska 43 - na voľnej ploche", "position:en": "43 Partizanska street - on the open space", "date_from": "24.07.2026.", "date_to": "25.07.2026.", "date_from:sr": "24.07.2026.", "date_to:sr": "25.07.2026.", "date_from:hu": "2026.07.24", "date_to:hu": "2026.07.25", "date_from:sk": "24.07.2026", "date_to:sk": "25.07.2026", "date_from:en": "24/07/2026", "date_to:en": "25/07/2026" }, "geometry": { "type": "Point", "coordinates": [ 19.737571142215938, 45.29398125459609 ] } },
{ "type": "Feature", "properties": { "fid": 102, "Rbr": 102, "week": 30, "mz_num": 37, "mz": "Руменка", "mz:sr": "Rumenka", "mz:hu": "Piros", "mz:sk": "Rumenka", "mz:en": "Rumenka", "position": "Улица Соње Маринковић - преко пута броја 25", "position:sr": "Ulica Sonje Marinković - preko puta broja 25", "position:hu": "Sonja Marinković utca, a 25. számmal szemben", "position:sk": "Ulica Sonje Marinkovićovej, cez cestu oproti číslu 25", "position:en": "Sonje Marinković street, across from number 25", "date_from": "24.07.2026.", "date_to": "25.07.2026.", "date_from:sr": "24.07.2026.", "date_to:sr": "25.07.2026.", "date_from:hu": "2026.07.24", "date_to:hu": "2026.07.25", "date_from:sk": "24.07.2026", "date_to:sk": "25.07.2026", "date_from:en": "24/07/2026", "date_to:en": "25/07/2026" }, "geometry": { "type": "Point", "coordinates": [ 19.737199042694161, 45.287339248459396 ] } },
{ "type": "Feature", "properties": { "fid": 103, "Rbr": 103, "week": 30, "mz_num": 37, "mz": "Руменка", "mz:sr": "Rumenka", "mz:hu": "Piros", "mz:sk": "Rumenka", "mz:en": "Rumenka", "position": "Угао улица Вука Караџића и Јована Јовановића Змаја", "position:sr": "Ugao ulica Vuka Karadžića i Jovana Jovanovića Zmaja", "position:hu": "A Vuka Karadžića és a Jovan Jovanović Zmaj utcák sarka", "position:sk": "Roh ulíc Vuka Karadžića a Jovana Jovanovića Zmaja", "position:en": "Corner of Vuka Karadžića and Jovana Jovanovića Zmaja streets", "date_from": "24.07.2026.", "date_to": "25.07.2026.", "date_from:sr": "24.07.2026.", "date_to:sr": "25.07.2026.", "date_from:hu": "2026.07.24", "date_to:hu": "2026.07.25", "date_from:sk": "24.07.2026", "date_to:sk": "25.07.2026", "date_from:en": "24/07/2026", "date_to:en": "25/07/2026" }, "geometry": { "type": "Point", "coordinates": [ 19.736916555656897, 45.298861475330895 ] } },
{ "type": "Feature", "properties": { "fid": 104, "Rbr": 104, "week": 30, "mz_num": 37, "mz": "Руменка", "mz:sr": "Rumenka", "mz:hu": "Piros", "mz:sk": "Rumenka", "mz:en": "Rumenka", "position": "Улица Петефи Шандора - испред броја 20", "position:sr": "Ulica Petefi Šandora - ispred broja 20", "position:hu": "Petőfi Sándor utca a 20. szám előtt", "position:sk": "Ulica Petőfi Šandora pred číslom 20", "position:en": "Petefi Šandora street, in front of number 20", "date_from": "24.07.2026.", "date_to": "25.07.2026.", "date_from:sr": "24.07.2026.", "date_to:sr": "25.07.2026.", "date_from:hu": "2026.07.24", "date_to:hu": "2026.07.25", "date_from:sk": "24.07.2026", "date_to:sk": "25.07.2026", "date_from:en": "24/07/2026", "date_to:en": "25/07/2026" }, "geometry": { "type": "Point", "coordinates": [ 19.747760259742847, 45.292793938631313 ] } },
{ "type": "Feature", "properties": { "fid": 105, "Rbr": 105, "week": 30, "mz_num": 38, "mz": "Степановићево", "mz:sr": "Stepanovićevo", "mz:hu": "Stepanovićevo", "mz:sk": "Stepanovićevo", "mz:en": "Stepanovićevo", "position": "Угао улица Солунских добровољаца и Војводе Путника", "position:sr": "Ugao ulica Solunskih dobrovoljaca i Vojvode Putnika", "position:hu": "A Solunskih dobrovoljaca és a Vojvode Putnika utcák sarka", "position:sk": "Roh ulíc Solunských dobrovoljaca a Vojvode Putnika", "position:en": "Corner of Solunskih dobrovoljaca and Vojvode Putnika streets", "date_from": "26.07.2026.", "date_to": "27.07.2026.", "date_from:sr": "26.07.2026.", "date_to:sr": "27.07.2026.", "date_from:hu": "2026.07.26", "date_to:hu": "2026.07.27", "date_from:sk": "26.07.2026", "date_to:sk": "27.07.2026", "date_from:en": "26/07/2026", "date_to:en": "27/07/2026" }, "geometry": { "type": "Point", "coordinates": [ 19.697191123671267, 45.413354183686671 ] } },
{ "type": "Feature", "properties": { "fid": 106, "Rbr": 106, "week": 30, "mz_num": 38, "mz": "Степановићево", "mz:sr": "Stepanovićevo", "mz:hu": "Stepanovićevo", "mz:sk": "Stepanovićevo", "mz:en": "Stepanovićevo", "position": "Угао улица Војводе Путника и Биће Кесића", "position:sr": "Ugao ulica Vojvode Putnika i Biće Kesića", "position:hu": "A Vojvode Putnika és a Bića Kesić utcák sarka", "position:sk": "Roh ulíc Vojvode Putnika a Biće Kesića", "position:en": "Corner of Vojvode Putnika and Biće Kesića streets", "date_from": "26.07.2026.", "date_to": "27.07.2026.", "date_from:sr": "26.07.2026.", "date_to:sr": "27.07.2026.", "date_from:hu": "2026.07.26", "date_to:hu": "2026.07.27", "date_from:sk": "26.07.2026", "date_to:sk": "27.07.2026", "date_from:en": "26/07/2026", "date_to:en": "27/07/2026" }, "geometry": { "type": "Point", "coordinates": [ 19.703011780943324, 45.415087087360661 ] } },
{ "type": "Feature", "properties": { "fid": 107, "Rbr": 107, "week": 30, "mz_num": 38, "mz": "Степановићево", "mz:sr": "Stepanovićevo", "mz:hu": "Stepanovićevo", "mz:sk": "Stepanovićevo", "mz:en": "Stepanovićevo", "position": "Угао улица Војводе Степе и Војвођанских бригада", "position:sr": "Ugao ulica Vojvode Stepe i Vojvođanskih brigada", "position:hu": "A Vojvode Stepe és a Vojvođanskih brigada utcák sarka", "position:sk": "Roh ulíc Vojvode Stepe a Vojvođanskih brigada", "position:en": "Corner of Vojvode Stepe and Vojvođanskih brigada streets", "date_from": "26.07.2026.", "date_to": "27.07.2026.", "date_from:sr": "26.07.2026.", "date_to:sr": "27.07.2026.", "date_from:hu": "2026.07.26", "date_to:hu": "2026.07.27", "date_from:sk": "26.07.2026", "date_to:sk": "27.07.2026", "date_from:en": "26/07/2026", "date_to:en": "27/07/2026" }, "geometry": { "type": "Point", "coordinates": [ 19.700011839822782, 45.410859870624456 ] } },
{ "type": "Feature", "properties": { "fid": 108, "Rbr": 108, "week": 30, "mz_num": 38, "mz": "Степановићево", "mz:sr": "Stepanovićevo", "mz:hu": "Stepanovićevo", "mz:sk": "Stepanovićevo", "mz:en": "Stepanovićevo", "position": "Угао улица Милунке Савић и ЈНА", "position:sr": "Ugao ulica Milunke Savić i JNA", "position:hu": "A Milunka Savić és a JNA utcák sarka", "position:sk": "Roh ulíc Milunke Savićovej a JNA", "position:en": "Corner of Milunke Savić and JNA streets", "date_from": "26.07.2026.", "date_to": "27.07.2026.", "date_from:sr": "26.07.2026.", "date_to:sr": "27.07.2026.", "date_from:hu": "2026.07.26", "date_to:hu": "2026.07.27", "date_from:sk": "26.07.2026", "date_to:sk": "27.07.2026", "date_from:en": "26/07/2026", "date_to:en": "27/07/2026" }, "geometry": { "type": "Point", "coordinates": [ 19.704078228855014, 45.404071279827633 ] } },
{ "type": "Feature", "properties": { "fid": 109, "Rbr": 109, "week": 31, "mz_num": 39, "mz": "Кисач", "mz:sr": "Kisač", "mz:hu": "Kiszács", "mz:sk": "Kysáč ", "mz:en": "Kisač", "position": "Улица Вука Караџића 2 - испред старе школске зграде", "position:sr": "Ulica Vuka Karadžića 2 - ispred stare školske zgrade", "position:hu": "Vuka Karadžića utca 2. - а régi iskolaépület előtt", "position:sk": "Ulica Vuka Karadžića 2 - pred starou školskou budovou", "position:en": "2 Vuka Karadžića street - in front of the old school building", "date_from": "28.07.2026.", "date_to": "29.07.2026.", "date_from:sr": "28.07.2026.", "date_to:sr": "29.07.2026.", "date_from:hu": "2026.07.28", "date_to:hu": "2026.07.29", "date_from:sk": "28.07.2026", "date_to:sk": "29.07.2026", "date_from:en": "28/07/2026", "date_to:en": "29/07/2026" }, "geometry": { "type": "Point", "coordinates": [ 19.726509836070477, 45.369213803733423 ] } },
{ "type": "Feature", "properties": { "fid": 110, "Rbr": 110, "week": 31, "mz_num": 39, "mz": "Кисач", "mz:sr": "Kisač", "mz:hu": "Kiszács", "mz:sk": "Kysáč ", "mz:en": "Kisač", "position": "Паркинг испред некадашње фирме ,,Гарант’’, Штефаникова бр. 3", "position:sr": "Parking ispred nekadašnje firme ,,Garant’’, Štefanikova br. 3", "position:hu": "Parkoló a Štefanik utca 3. szám alatt, az egykori „Garant” cég előtt", "position:sk": "Parkovisko pred niekdajšom firmou „Garant”, Štefánikova číslo 3", "position:en": "Parking lot in front of the former \"Garant\" company, 3 Štefanikova street", "date_from": "28.07.2026.", "date_to": "29.07.2026.", "date_from:sr": "28.07.2026.", "date_to:sr": "29.07.2026.", "date_from:hu": "2026.07.28", "date_to:hu": "2026.07.29", "date_from:sk": "28.07.2026", "date_to:sk": "29.07.2026", "date_from:en": "28/07/2026", "date_to:en": "29/07/2026" }, "geometry": { "type": "Point", "coordinates": [ 19.735176839554878, 45.355339409872265 ] } },
{ "type": "Feature", "properties": { "fid": 111, "Rbr": 111, "week": 31, "mz_num": 39, "mz": "Кисач", "mz:sr": "Kisač", "mz:hu": "Kiszács", "mz:sk": "Kysáč ", "mz:en": "Kisač", "position": "Паркинг испред пијаце у Кисачу, улице Словачка 61", "position:sr": "Parking ispred pijace u Kisaču, ulice Slovačka 61", "position:hu": "Parkoló a kisácsi piac előtt, Szlovák utca 61.", "position:sk": "Parkovisko pred trhoviskom v Kysáči, Slovenská 61", "position:en": "Parking lot in front of the market in Kisač, 61 Slovačka street", "date_from": "28.07.2026.", "date_to": "29.07.2026.", "date_from:sr": "28.07.2026.", "date_to:sr": "29.07.2026.", "date_from:hu": "2026.07.28", "date_to:hu": "2026.07.29", "date_from:sk": "28.07.2026", "date_to:sk": "29.07.2026", "date_from:en": "28/07/2026", "date_to:en": "29/07/2026" }, "geometry": { "type": "Point", "coordinates": [ 19.728225177032758, 45.347360745993612 ] } },
{ "type": "Feature", "properties": { "fid": 112, "Rbr": 112, "week": 31, "mz_num": 39, "mz": "Кисач", "mz:sr": "Kisač", "mz:hu": "Kiszács", "mz:sk": "Kysáč ", "mz:en": "Kisač", "position": "Јаношикова улица, код подходника, са стране преко пута брзе пруге (Ченејска страна)", "position:sr": "Janošikova ulica, kod podhodnika, sa strane preko puta brze pruge (Čenejska strana)", "position:hu": "Janošík utca, az aluljárónál, a gyorsvasút túloldalán (Csenej felőli oldal)", "position:sk": "Janošíkova ulica, pri podchode, zo strany cez cestu oproti rýchlej trati (čenejská strana)", "position:en": "Janošikova street, near the underpass, on the opposite side of the high-speed railway (Čenej side)", "date_from": "28.07.2026.", "date_to": "29.07.2026.", "date_from:sr": "28.07.2026.", "date_to:sr": "29.07.2026.", "date_from:hu": "2026.07.28", "date_to:hu": "2026.07.29", "date_from:sk": "28.07.2026", "date_to:sk": "29.07.2026", "date_from:en": "28/07/2026", "date_to:en": "29/07/2026" }, "geometry": { "type": "Point", "coordinates": [ 19.735872857051515, 45.355993866611868 ] } },
{ "type": "Feature", "properties": { "fid": 113, "Rbr": 113, "week": 31, "mz_num": 40, "mz": "Ченеј", "mz:sr": "Čenej", "mz:hu": "Csenej", "mz:sk": "Čenej", "mz:en": "Čenej", "position": "Угао улица Партизанске и Реље Савића", "position:sr": "Ugao ulica Partizanske i Relje Savića", "position:hu": "A Partizanska és a Relja Savić utcák sarka", "position:sk": "Roh ulíc Partizanskej a Relju Savića", "position:en": "Corner of Partizanska and Relje Savića streets", "date_from": "30.07.2026.", "date_to": "31.07.2026.", "date_from:sr": "30.07.2026.", "date_to:sr": "31.07.2026.", "date_from:hu": "2026.07.30", "date_to:hu": "2026.07.31", "date_from:sk": "30.07.2026", "date_to:sk": "31.07.2026", "date_from:en": "30/07/2026", "date_to:en": "31/07/2026" }, "geometry": { "type": "Point", "coordinates": [ 19.807511584539373, 45.362752246577372 ] } },
{ "type": "Feature", "properties": { "fid": 114, "Rbr": 114, "week": 31, "mz_num": 40, "mz": "Ченеј", "mz:sr": "Čenej", "mz:hu": "Csenej", "mz:sk": "Čenej", "mz:en": "Čenej", "position": "Улица Вука Караџића 68", "position:sr": "Ulica Vuka Karadžića 68", "position:hu": "Vuka Karadžića utca 68.", "position:sk": "Ulica Vuka Karadžića 68", "position:en": "68 Vuka Karadžića street", "date_from": "30.07.2026.", "date_to": "31.07.2026.", "date_from:sr": "30.07.2026.", "date_to:sr": "31.07.2026.", "date_from:hu": "2026.07.30", "date_to:hu": "2026.07.31", "date_from:sk": "30.07.2026", "date_to:sk": "31.07.2026", "date_from:en": "30/07/2026", "date_to:en": "31/07/2026" }, "geometry": { "type": "Point", "coordinates": [ 19.825917491835188, 45.369610272213265 ] } },
{ "type": "Feature", "properties": { "fid": 115, "Rbr": 115, "week": 31, "mz_num": 40, "mz": "Ченеј", "mz:sr": "Čenej", "mz:hu": "Csenej", "mz:sk": "Čenej", "mz:en": "Čenej", "position": "Улица Вука Караџића 289 - центар", "position:sr": "Ulica Vuka Karadžića 289 - centar", "position:hu": "Vuka Karadžića utca 289. - központ", "position:sk": "Ulica Vuka Karadžića 289 - centrum", "position:en": "289 Vuka Karadžića street - center", "date_from": "30.07.2026.", "date_to": "31.07.2026.", "date_from:sr": "30.07.2026.", "date_to:sr": "31.07.2026.", "date_from:hu": "2026.07.30", "date_to:hu": "2026.07.31", "date_from:sk": "30.07.2026", "date_to:sk": "31.07.2026", "date_from:en": "30/07/2026", "date_to:en": "31/07/2026" }, "geometry": { "type": "Point", "coordinates": [ 19.800984042031388, 45.36957421950838 ] } },
{ "type": "Feature", "properties": { "fid": 116, "Rbr": 116, "week": 31, "mz_num": 40, "mz": "Ченеј", "mz:sr": "Čenej", "mz:hu": "Csenej", "mz:sk": "Čenej", "mz:en": "Čenej", "position": "Улица Вука Караџића 375", "position:sr": "Ulica Vuka Karadžića 375", "position:hu": "Vuka Karadžića utca 375.", "position:sk": "Ulica Vuka Karadžića 375", "position:en": "375 Vuka Karadžića street", "date_from": "30.07.2026.", "date_to": "31.07.2026.", "date_from:sr": "30.07.2026.", "date_to:sr": "31.07.2026.", "date_from:hu": "2026.07.30", "date_to:hu": "2026.07.31", "date_from:sk": "30.07.2026", "date_to:sk": "31.07.2026", "date_from:en": "30/07/2026", "date_to:en": "31/07/2026" }, "geometry": { "type": "Point", "coordinates": [ 19.791212256817879, 45.370699364339295 ] } },
{ "type": "Feature", "properties": { "fid": 117, "Rbr": 117, "week": 31, "mz_num": 40, "mz": "Ченеј", "mz:sr": "Čenej", "mz:hu": "Csenej", "mz:sk": "Čenej", "mz:en": "Čenej", "position": "Улица Жарка Зрењанина 5", "position:sr": "Ulica Žarka Zrenjanina 5", "position:hu": "Žarko Zrenjanin utca 5.", "position:sk": "Ulica Žarka Zrenjanina 5", "position:en": "5 Žarka Zrenjanina street", "date_from": "30.07.2026.", "date_to": "31.07.2026.", "date_from:sr": "30.07.2026.", "date_to:sr": "31.07.2026.", "date_from:hu": "2026.07.30", "date_to:hu": "2026.07.31", "date_from:sk": "30.07.2026", "date_to:sk": "31.07.2026", "date_from:en": "30/07/2026", "date_to:en": "31/07/2026" }, "geometry": { "type": "Point", "coordinates": [ 19.801639543974666, 45.366858327000948 ] } },
{ "type": "Feature", "properties": { "fid": 118, "Rbr": 118, "week": 31, "mz_num": 41, "mz": "Видовданско насеље", "mz:sr": "Vidovdansko naselje", "mz:hu": "Vidovdansko naselje", "mz:sk": "Vidovdansko naselje", "mz:en": "Vidovdansko naselje", "position": "Угао улица Јана Хуса и Видовданске - код обданишта", "position:sr": "Ugao ulica Jana Husa i Vidovdanske - kod obdaništa", "position:hu": "A Jan Hus és a Vidovdanska utcák sarka - az óvodánál", "position:sk": "Roh ulíc Jana Husa a Vidovdanskej - pri škôlke", "position:en": "Corner of Jana Husa and Vidovdanska streets - near the kindergarten", "date_from": "01.08.2026.", "date_to": "02.08.2026.", "date_from:sr": "01.08.2026.", "date_to:sr": "02.08.2026.", "date_from:hu": "2026.08.01", "date_to:hu": "2026.08.02", "date_from:sk": "01.08.2026", "date_to:sk": "02.08.2026", "date_from:en": "01/08/2026", "date_to:en": "02/08/2026" }, "geometry": { "type": "Point", "coordinates": [ 19.834051849703641, 45.278896998878068 ] } },
{ "type": "Feature", "properties": { "fid": 119, "Rbr": 119, "week": 31, "mz_num": 41, "mz": "Видовданско насеље", "mz:sr": "Vidovdansko naselje", "mz:hu": "Vidovdansko naselje", "mz:sk": "Vidovdansko naselje", "mz:en": "Vidovdansko naselje", "position": "Угао улица Емануела Јанковића и Боре Станковића", "position:sr": "Ugao ulica Emanuela Jankovića i Bore Stankovića", "position:hu": "A Emanuel Janković és a Bora Stanković utcák sarka", "position:sk": "Roh ulíc Emanuela Jankovića a Bore Stankovića", "position:en": "Corner of Emanuela Jankovića and Bore Stankovića streets", "date_from": "01.08.2026.", "date_to": "02.08.2026.", "date_from:sr": "01.08.2026.", "date_to:sr": "02.08.2026.", "date_from:hu": "2026.08.01", "date_to:hu": "2026.08.02", "date_from:sk": "01.08.2026", "date_to:sk": "02.08.2026", "date_from:en": "01/08/2026", "date_to:en": "02/08/2026" }, "geometry": { "type": "Point", "coordinates": [ 19.837421811872186, 45.280952867639343 ] } },
{ "type": "Feature", "properties": { "fid": 120, "Rbr": 120, "week": 31, "mz_num": 41, "mz": "Видовданско насеље", "mz:sr": "Vidovdansko naselje", "mz:hu": "Vidovdansko naselje", "mz:sk": "Vidovdansko naselje", "mz:en": "Vidovdansko naselje", "position": "Угао улица Живојина Ћулума и Малобеоградске - код новог паркинга", "position:sr": "Ugao ulica Živojina Ćuluma i Malobeogradske - kod novog parkinga", "position:hu": "A Živojin Ćulum és a Malobeogradska utcák sarka - az új parkolónál", "position:sk": "Roh ulíc Živojina Ćuluma a Malobehradskej - pri novom parkovisku", "position:en": "Corner of Živojina Ćuluma and Malobeogradska streets - near the new parking lot", "date_from": "01.08.2026.", "date_to": "02.08.2026.", "date_from:sr": "01.08.2026.", "date_to:sr": "02.08.2026.", "date_from:hu": "2026.08.01", "date_to:hu": "2026.08.02", "date_from:sk": "01.08.2026", "date_to:sk": "02.08.2026", "date_from:en": "01/08/2026", "date_to:en": "02/08/2026" }, "geometry": { "type": "Point", "coordinates": [ 19.837066910732993, 45.283523502917795 ] } },
{ "type": "Feature", "properties": { "fid": 121, "Rbr": 121, "week": 31, "mz_num": 41, "mz": "Видовданско насеље", "mz:sr": "Vidovdansko naselje", "mz:hu": "Vidovdansko naselje", "mz:sk": "Vidovdansko naselje", "mz:en": "Vidovdansko naselje", "position": "Улица Мајке Југовића у Великом риту", "position:sr": "Ulica Majke Jugovića u Velikom ritu", "position:hu": "Majke Jugovića utca a Veliki rit településen", "position:sk": "Ulica Majke Jugovića vo Velikom rite", "position:en": "Majke Jugovića street in Veliki rit", "date_from": "01.08.2026.", "date_to": "02.08.2026.", "date_from:sr": "01.08.2026.", "date_to:sr": "02.08.2026.", "date_from:hu": "2026.08.01", "date_to:hu": "2026.08.02", "date_from:sk": "01.08.2026", "date_to:sk": "02.08.2026", "date_from:en": "01/08/2026", "date_to:en": "02/08/2026" }, "geometry": { "type": "Point", "coordinates": [ 19.840988408455676, 45.292031538335735 ] } },
{ "type": "Feature", "properties": { "fid": 122, "Rbr": 122, "week": 32, "mz_num": 42, "mz": "Клиса", "mz:sr": "Klisa", "mz:hu": "Klisa", "mz:sk": "Klisa", "mz:en": "Klisa", "position": "Угао улица Професора Грчића и Светлане Вранић", "position:sr": "Ugao ulica Profesora Grčića i Svetlane Vranić", "position:hu": "A Profesora Grčića és a Svetlana Vranić utcák sarka", "position:sk": "Roh ulíc Profesora Grčića a Svetlane Vranićovej", "position:en": "Corner of Profesora Grčića and Svetlana Vranić streets", "date_from": "03.08.2026.", "date_to": "04.08.2026.", "date_from:sr": "03.08.2026.", "date_to:sr": "04.08.2026.", "date_from:hu": "2026.08.03", "date_to:hu": "2026.08.04", "date_from:sk": "03.08.2026", "date_to:sk": "04.08.2026", "date_from:en": "03/08/2026", "date_to:en": "04/08/2026" }, "geometry": { "type": "Point", "coordinates": [ 19.817838303065404, 45.297988122320568 ] } },
{ "type": "Feature", "properties": { "fid": 123, "Rbr": 123, "week": 32, "mz_num": 42, "mz": "Клиса", "mz:sr": "Klisa", "mz:hu": "Klisa", "mz:sk": "Klisa", "mz:en": "Klisa", "position": "Угао улица Темерински пут и Јанка Халкозовића", "position:sr": "Ugao ulica Temerinski put i Janka Halkozovića", "position:hu": "A Temerini út és a Janko Halkozović utca sarka", "position:sk": "Roh Temerinskej cesty a Ulice Janka Halkozovića", "position:en": "Corner of Temerinski put and Janka Halkozovića street", "date_from": "03.08.2026.", "date_to": "04.08.2026.", "date_from:sr": "03.08.2026.", "date_to:sr": "04.08.2026.", "date_from:hu": "2026.08.03", "date_to:hu": "2026.08.04", "date_from:sk": "03.08.2026", "date_to:sk": "04.08.2026", "date_from:en": "03/08/2026", "date_to:en": "04/08/2026" }, "geometry": { "type": "Point", "coordinates": [ 19.831075156364992, 45.297625227912448 ] } },
{ "type": "Feature", "properties": { "fid": 124, "Rbr": 124, "week": 32, "mz_num": 42, "mz": "Клиса", "mz:sr": "Klisa", "mz:hu": "Klisa", "mz:sk": "Klisa", "mz:en": "Klisa", "position": "Угао улица Клисански пут и Зеленогорске", "position:sr": "Ugao ulica Klisanski put i Zelenogorske", "position:hu": "A Klisai út és a Zelenogorska utca sarka", "position:sk": "Roh Klisanskej cesty a Zelenogorskej ulice", "position:en": "Corner of Klisanski put and Zelenogorska street", "date_from": "03.08.2026.", "date_to": "04.08.2026.", "date_from:sr": "03.08.2026.", "date_to:sr": "04.08.2026.", "date_from:hu": "2026.08.03", "date_to:hu": "2026.08.04", "date_from:sk": "03.08.2026", "date_to:sk": "04.08.2026", "date_from:en": "03/08/2026", "date_to:en": "04/08/2026" }, "geometry": { "type": "Point", "coordinates": [ 19.820234685081839, 45.293526279620153 ] } },
{ "type": "Feature", "properties": { "fid": 125, "Rbr": 125, "week": 32, "mz_num": 42, "mz": "Клиса", "mz:sr": "Klisa", "mz:hu": "Klisa", "mz:sk": "Klisa", "mz:en": "Klisa", "position": "Угао улица Велебитске и Змајевачког пута", "position:sr": "Ugao ulica Velebitske i Zmajevačkog puta", "position:hu": "A Velebitska utca és a Zmajevói út sarka", "position:sk": "Roh Velebitskej ulice a Zmajevačkej cesty", "position:en": "Corner of Velebitska street and Zmajevački put", "date_from": "03.08.2026.", "date_to": "04.08.2026.", "date_from:sr": "03.08.2026.", "date_to:sr": "04.08.2026.", "date_from:hu": "2026.08.03", "date_to:hu": "2026.08.04", "date_from:sk": "03.08.2026", "date_to:sk": "04.08.2026", "date_from:en": "03/08/2026", "date_to:en": "04/08/2026" }, "geometry": { "type": "Point", "coordinates": [ 19.827818698614838, 45.296506170266326 ] } },
{ "type": "Feature", "properties": { "fid": 126, "Rbr": 126, "week": 32, "mz_num": 43, "mz": "Слана бара", "mz:sr": "Slana bara", "mz:hu": "Slana bara", "mz:sk": "Slana bara", "mz:en": "Slana bara", "position": "Угао улица Ченејске и Ритске - код Месне заједнице", "position:sr": "Ugao ulica Čenejske i Ritske - kod Mesne zajednice", "position:hu": "A Cseneji és a Ritska utcák sarka - a helyi közösségnél", "position:sk": "Roh ulíc Čenejskej a Ritskej - pri miestnom spoločenstve", "position:en": "Corner of Čenejska and Ritska streets - near the Local Community", "date_from": "05.08.2026.", "date_to": "06.08.2026.", "date_from:sr": "05.08.2026.", "date_to:sr": "06.08.2026.", "date_from:hu": "2026.08.05", "date_to:hu": "2026.08.06", "date_from:sk": "05.08.2026", "date_to:sk": "06.08.2026", "date_from:en": "05/08/2026", "date_to:en": "06/08/2026" }, "geometry": { "type": "Point", "coordinates": [ 19.82700658249453, 45.289967676305551 ] } },
{ "type": "Feature", "properties": { "fid": 127, "Rbr": 127, "week": 32, "mz_num": 43, "mz": "Слана бара", "mz:sr": "Slana bara", "mz:hu": "Slana bara", "mz:sk": "Slana bara", "mz:en": "Slana bara", "position": "Угао улица Отокара Кершованија и Низијске", "position:sr": "Ugao ulica Otokara Keršovanija i Nizijske", "position:hu": "A Otokar Keršovani és a Nizijska utcák sarka", "position:sk": "Roh ulíc Otokara Keršovaniho a Nizijskej", "position:en": "Corner of Otokara Keršovanija and Nizijska streets", "date_from": "05.08.2026.", "date_to": "06.08.2026.", "date_from:sr": "05.08.2026.", "date_to:sr": "06.08.2026.", "date_from:hu": "2026.08.05", "date_to:hu": "2026.08.06", "date_from:sk": "05.08.2026", "date_to:sk": "06.08.2026", "date_from:en": "05/08/2026", "date_to:en": "06/08/2026" }, "geometry": { "type": "Point", "coordinates": [ 19.822602291330227, 45.286033389352625 ] } },
{ "type": "Feature", "properties": { "fid": 128, "Rbr": 128, "week": 32, "mz_num": 43, "mz": "Слана бара", "mz:sr": "Slana bara", "mz:hu": "Slana bara", "mz:sk": "Slana bara", "mz:en": "Slana bara", "position": "Омладинска улица - код ФК ,,Пролетер“", "position:sr": "Omladinska ulica - kod FK ,,Proleter“", "position:hu": "Omladinai utca - a „Proleter” labdarúgóklubnál", "position:sk": "Omladinská ulica - pri FK „Proleter”", "position:en": "Omladinska street - near the \"Proleter\" football club", "date_from": "05.08.2026.", "date_to": "06.08.2026.", "date_from:sr": "05.08.2026.", "date_to:sr": "06.08.2026.", "date_from:hu": "2026.08.05", "date_to:hu": "2026.08.06", "date_from:sk": "05.08.2026", "date_to:sk": "06.08.2026", "date_from:en": "05/08/2026", "date_to:en": "06/08/2026" }, "geometry": { "type": "Point", "coordinates": [ 19.821364933304409, 45.289109199225599 ] } },
{ "type": "Feature", "properties": { "fid": 129, "Rbr": 129, "week": 32, "mz_num": 43, "mz": "Слана бара", "mz:sr": "Slana bara", "mz:hu": "Slana bara", "mz:sk": "Slana bara", "mz:en": "Slana bara", "position": "Улица Сентандрејски пут - испред броја 76", "position:sr": "Ulica Sentandrejski put - ispred broja 76", "position:hu": "Szentendrei út a 76. szám előtt", "position:sk": "Sentandrejská cesta pred číslom 76", "position:en": "Sentandrejski put in front of number 76", "date_from": "05.08.2026.", "date_to": "06.08.2026.", "date_from:sr": "05.08.2026.", "date_to:sr": "06.08.2026.", "date_from:hu": "2026.08.05", "date_to:hu": "2026.08.06", "date_from:sk": "05.08.2026", "date_to:sk": "06.08.2026", "date_from:en": "05/08/2026", "date_to:en": "06/08/2026" }, "geometry": { "type": "Point", "coordinates": [ 19.826782770965309, 45.285288416691067 ] } },
{ "type": "Feature", "properties": { "fid": 130, "Rbr": 130, "week": 32, "mz_num": 44, "mz": "Петроварадин", "mz:sr": "Petrovaradin", "mz:hu": "Petrovaradin", "mz:sk": "Petrovaradin", "mz:en": "Petrovaradin", "position": "Угао улица Патријарха Рајачића и Шеноине", "position:sr": "Ugao ulica Patrijarha Rajačića i Šenoine", "position:hu": "A Patrijarha Rajačića és a Šenoa utcák sarka", "position:sk": "Roh ulíc Patrijarha Rajačića a Šenoovej", "position:en": "Corner of Patrijarha Rajačića and Šenoina streets", "date_from": "07.08.2026.", "date_to": "08.08.2026.", "date_from:sr": "07.08.2026.", "date_to:sr": "08.08.2026.", "date_from:hu": "2026.08.07", "date_to:hu": "2026.08.08", "date_from:sk": "07.08.2026", "date_to:sk": "08.08.2026", "date_from:en": "07/08/2026", "date_to:en": "08/08/2026" }, "geometry": { "type": "Point", "coordinates": [ 19.874566532453816, 45.252439278816659 ] } },
{ "type": "Feature", "properties": { "fid": 131, "Rbr": 131, "week": 32, "mz_num": 44, "mz": "Петроварадин", "mz:sr": "Petrovaradin", "mz:hu": "Petrovaradin", "mz:sk": "Petrovaradin", "mz:en": "Petrovaradin", "position": "Улица Фрушкогорског одреда, Блок 8", "position:sr": "Ulica Fruškogorskog odreda, Blok 8", "position:hu": "Fruškogorskog odreda utca, 8. blok", "position:sk": "Ulica Fruškogorskog odreda, Blok 8", "position:en": "Fruškogorskog odreda street, Block 8", "date_from": "07.08.2026.", "date_to": "08.08.2026.", "date_from:sr": "07.08.2026.", "date_to:sr": "08.08.2026.", "date_from:hu": "2026.08.07", "date_to:hu": "2026.08.08", "date_from:sk": "07.08.2026", "date_to:sk": "08.08.2026", "date_from:en": "07/08/2026", "date_to:en": "08/08/2026" }, "geometry": { "type": "Point", "coordinates": [ 19.886155173706079, 45.240391823929507 ] } },
{ "type": "Feature", "properties": { "fid": 132, "Rbr": 132, "week": 32, "mz_num": 44, "mz": "Петроварадин", "mz:sr": "Petrovaradin", "mz:hu": "Petrovaradin", "mz:sk": "Petrovaradin", "mz:en": "Petrovaradin", "position": "Улица Јована Монастерлије - код трафо станице", "position:sr": "Ulica Jovana Monasterlije - kod trafo stanice", "position:hu": "Jovana Monasterlije utca - a transzformátor-állomásnál", "position:sk": "Ulica Jovana Monasterlije - pri trafo stanici", "position:en": "Jovana Monasterlije street - near the transformer station", "date_from": "07.08.2026.", "date_to": "08.08.2026.", "date_from:sr": "07.08.2026.", "date_to:sr": "08.08.2026.", "date_from:hu": "2026.08.07", "date_to:hu": "2026.08.08", "date_from:sk": "07.08.2026", "date_to:sk": "08.08.2026", "date_from:en": "07/08/2026", "date_to:en": "08/08/2026" }, "geometry": { "type": "Point", "coordinates": [ 19.878500819406753, 45.239285555513632 ] } },
{ "type": "Feature", "properties": { "fid": 133, "Rbr": 133, "week": 32, "mz_num": 44, "mz": "Петроварадин", "mz:sr": "Petrovaradin", "mz:hu": "Petrovaradin", "mz:sk": "Petrovaradin", "mz:en": "Petrovaradin", "position": "Улица Прерадовићева - код окретнице аутобуса 3 и 9", "position:sr": "Ulica Preradovićeva - kod okretnice autobusa 3 i 9", "position:hu": "Preradović utca - a 3-as és 9-es buszok fordulójánál", "position:sk": "Preradovićeva ulica - pri točni autobusov 3 a 9", "position:en": "Preradovićeva street - near the bus numbers 3 and 9 turnaround", "date_from": "07.08.2026.", "date_to": "08.08.2026.", "date_from:sr": "07.08.2026.", "date_to:sr": "08.08.2026.", "date_from:hu": "2026.08.07", "date_to:hu": "2026.08.08", "date_from:sk": "07.08.2026", "date_to:sk": "08.08.2026", "date_from:en": "07/08/2026", "date_to:en": "08/08/2026" }, "geometry": { "type": "Point", "coordinates": [ 19.887968047092759, 45.236187364487705 ] } },
{ "type": "Feature", "properties": { "fid": 134, "Rbr": 134, "week": 32, "mz_num": 44, "mz": "Петроварадин", "mz:sr": "Petrovaradin", "mz:hu": "Petrovaradin", "mz:sk": "Petrovaradin", "mz:en": "Petrovaradin", "position": "Улица Божидара Аџије - пружни прелаз у Садове", "position:sr": "Ulica Božidara Adžije - pružni prelaz u Sadove", "position:hu": "Božidar Adžija utca - vasúti átjáró Sadove felé", "position:sk": "Ulica Božidara Adžiju - železničné priecestie do Sadov", "position:en": "Božidara Adžije street - railway crossing to Sadove", "date_from": "07.08.2026.", "date_to": "08.08.2026.", "date_from:sr": "07.08.2026.", "date_to:sr": "08.08.2026.", "date_from:hu": "2026.08.07", "date_to:hu": "2026.08.08", "date_from:sk": "07.08.2026", "date_to:sk": "08.08.2026", "date_from:en": "07/08/2026", "date_to:en": "08/08/2026" }, "geometry": { "type": "Point", "coordinates": [ 19.884458202718463, 45.245292497092493 ] } },
{ "type": "Feature", "properties": { "fid": 135, "Rbr": 135, "week": 32, "mz_num": 45, "mz": "Буковац", "mz:sr": "Bukovac", "mz:hu": "Bukovac", "mz:sk": "Bukovac", "mz:en": "Bukovac", "position": "Улица Карађорђева број 37", "position:sr": "Ulica Karađorđeva broj 37", "position:hu": "Karađorđeva utca 37. szám", "position:sk": "Karađorđeva ulica číslo 37", "position:en": "37 Karađorđeva street", "date_from": "09.08.2026.", "date_to": "10.08.2026.", "date_from:sr": "09.08.2026.", "date_to:sr": "10.08.2026.", "date_from:hu": "2026.08.09", "date_to:hu": "2026.08.10", "date_from:sk": "09.08.2026", "date_to:sk": "10.08.2026", "date_from:en": "09/08/2026", "date_to:en": "10/08/2026" }, "geometry": { "type": "Point", "coordinates": [ 19.894483360573705, 45.191674448633599 ] } },
{ "type": "Feature", "properties": { "fid": 136, "Rbr": 136, "week": 32, "mz_num": 45, "mz": "Буковац", "mz:sr": "Bukovac", "mz:hu": "Bukovac", "mz:sk": "Bukovac", "mz:en": "Bukovac", "position": "Улица Карађорђева број 129 - код Ватрогасног дома", "position:sr": "Ulica Karađorđeva broj 129 - kod Vatrogasnog doma", "position:hu": "Karađorđeva utca 129. szám - a tűzoltóotthonnál", "position:sk": "Karađorđeva ulica číslo 129 - pri hasičskom dome", "position:en": "129 Karađorđeva street - near the Fire Station", "date_from": "09.08.2026.", "date_to": "10.08.2026.", "date_from:sr": "09.08.2026.", "date_to:sr": "10.08.2026.", "date_from:hu": "2026.08.09", "date_to:hu": "2026.08.10", "date_from:sk": "09.08.2026", "date_to:sk": "10.08.2026", "date_from:en": "09/08/2026", "date_to:en": "10/08/2026" }, "geometry": { "type": "Point", "coordinates": [ 19.889385253668845, 45.199122576595229 ] } },
{ "type": "Feature", "properties": { "fid": 137, "Rbr": 137, "week": 32, "mz_num": 45, "mz": "Буковац", "mz:sr": "Bukovac", "mz:hu": "Bukovac", "mz:sk": "Bukovac", "mz:en": "Bukovac", "position": "Улица Видовданска 51, раскрсница улица Видовданске и Партизанског пута", "position:sr": "Ulica Vidovdanska 51, raskrsnica ulica Vidovdanske i Partizanskog puta", "position:hu": "Vidovdanska utca 51., a Vidovdanska utca és a Partizanski út kereszteződése", "position:sk": "Vidovdanská ulica 51, križovatka Vidovdanskej ulice a Partizanskej cesty", "position:en": "51 Vidovdanska street, intersection of Vidovdanska street and Partizanski put", "date_from": "09.08.2026.", "date_to": "10.08.2026.", "date_from:sr": "09.08.2026.", "date_to:sr": "10.08.2026.", "date_from:hu": "2026.08.09", "date_to:hu": "2026.08.10", "date_from:sk": "09.08.2026", "date_to:sk": "10.08.2026", "date_from:en": "09/08/2026", "date_to:en": "10/08/2026" }, "geometry": { "type": "Point", "coordinates": [ 19.892288408933581, 45.193189972417109 ] } },
{ "type": "Feature", "properties": { "fid": 138, "Rbr": 138, "week": 32, "mz_num": 45, "mz": "Буковац", "mz:sr": "Bukovac", "mz:hu": "Bukovac", "mz:sk": "Bukovac", "mz:en": "Bukovac", "position": "Улица 22. августа, између бројева 64 и 66 ", "position:sr": "Ulica 22. avgusta, između brojeva 64 i 66 ", "position:hu": "Augusztus 22. utca, a 64. és 66. szám között", "position:sk": "Ulica 22. avgusta, medzi číslami 64 a 66", "position:en": "22. avgusta street, between numbers 64 and 66", "date_from": "09.08.2026.", "date_to": "10.08.2026.", "date_from:sr": "09.08.2026.", "date_to:sr": "10.08.2026.", "date_from:hu": "2026.08.09", "date_to:hu": "2026.08.10", "date_from:sk": "09.08.2026", "date_to:sk": "10.08.2026", "date_from:en": "09/08/2026", "date_to:en": "10/08/2026" }, "geometry": { "type": "Point", "coordinates": [ 19.891714492226505, 45.201528550534299 ] } },
{ "type": "Feature", "properties": { "fid": 139, "Rbr": 139, "week": 33, "mz_num": 46, "mz": "Сремска Каменица", "mz:sr": "Sremska Kamenica", "mz:hu": "Sremska Kamenica", "mz:sk": "Sremska Kamenica", "mz:en": "Sremska Kamenica", "position": "Боцке, Трешњина улица", "position:sr": "Bocke, Trešnjina ulica", "position:hu": "Bocke, Trešnjina utca", "position:sk": "Bocke, Trešnjina ulica", "position:en": "Bocke, Trešnjina street", "date_from": "11.08.2026.", "date_to": "12.08.2026.", "date_from:sr": "11.08.2026.", "date_to:sr": "12.08.2026.", "date_from:hu": "2026.08.11", "date_to:hu": "2026.08.12", "date_from:sk": "11.08.2026", "date_to:sk": "12.08.2026", "date_from:en": "11/08/2026", "date_to:en": "12/08/2026" }, "geometry": { "type": "Point", "coordinates": [ 19.819217141951064, 45.215834903212752 ] } },
{ "type": "Feature", "properties": { "fid": 140, "Rbr": 140, "week": 33, "mz_num": 46, "mz": "Сремска Каменица", "mz:sr": "Sremska Kamenica", "mz:hu": "Sremska Kamenica", "mz:sk": "Sremska Kamenica", "mz:en": "Sremska Kamenica", "position": "Иришки пут - код МЗ „Парагово”", "position:sr": "Iriški put - kod MZ „Paragovo”", "position:hu": "Iriški út - a „Paragovo” HK épületénél", "position:sk": "Irišská cesta - pri MS „Paragovo”", "position:en": "Iriški put - near the \"Paragovo\" Local Community", "date_from": "11.08.2026.", "date_to": "12.08.2026.", "date_from:sr": "11.08.2026.", "date_to:sr": "12.08.2026.", "date_from:hu": "2026.08.11", "date_to:hu": "2026.08.12", "date_from:sk": "11.08.2026", "date_to:sk": "12.08.2026", "date_from:en": "11/08/2026", "date_to:en": "12/08/2026" }, "geometry": { "type": "Point", "coordinates": [ 19.841271103732641, 45.196796002460559 ] } },
{ "type": "Feature", "properties": { "fid": 141, "Rbr": 141, "week": 33, "mz_num": 46, "mz": "Сремска Каменица", "mz:sr": "Sremska Kamenica", "mz:hu": "Sremska Kamenica", "mz:sk": "Sremska Kamenica", "mz:en": "Sremska Kamenica", "position": "Фрушкогорски пут - код Мошине виле", "position:sr": "Fruškogorski put - kod Mošine vile", "position:hu": "Fruškogorski út - a Moša-villánál", "position:sk": "Fruškogorská cesta - pri Mošovej vile", "position:en": "Fruškogorski put - near the Moša's Villa", "date_from": "11.08.2026.", "date_to": "12.08.2026.", "date_from:sr": "11.08.2026.", "date_to:sr": "12.08.2026.", "date_from:hu": "2026.08.11", "date_to:hu": "2026.08.12", "date_from:sk": "11.08.2026", "date_to:sk": "12.08.2026", "date_from:en": "11/08/2026", "date_to:en": "12/08/2026" }, "geometry": { "type": "Point", "coordinates": [ 19.834040925569671, 45.209129083489728 ] } },
{ "type": "Feature", "properties": { "fid": 142, "Rbr": 142, "week": 33, "mz_num": 46, "mz": "Сремска Каменица", "mz:sr": "Sremska Kamenica", "mz:hu": "Sremska Kamenica", "mz:sk": "Sremska Kamenica", "mz:en": "Sremska Kamenica", "position": "Угао улица Иве Лоле Рибара и 7. војвођанске бригаде", "position:sr": "Ugao ulica Ive Lole Ribara i 7. vojvođanske brigade", "position:hu": "A Iva Lola Ribar utca és a 7. vojvođanske brigade utca sarka", "position:sk": "Roh ulíc Ive Lole Ribara a 7. vojvođanskej brigády", "position:en": "Corner of Ive Lole Ribara and 7. vojvođanske brigade streets", "date_from": "11.08.2026.", "date_to": "12.08.2026.", "date_from:sr": "11.08.2026.", "date_to:sr": "12.08.2026.", "date_from:hu": "2026.08.11", "date_to:hu": "2026.08.12", "date_from:sk": "11.08.2026", "date_to:sk": "12.08.2026", "date_from:en": "11/08/2026", "date_to:en": "12/08/2026" }, "geometry": { "type": "Point", "coordinates": [ 19.843019675711709, 45.216352867037529 ] } },
{ "type": "Feature", "properties": { "fid": 143, "Rbr": 143, "week": 33, "mz_num": 47, "mz": "Сремска Каменица", "mz:sr": "Sremska Kamenica", "mz:hu": "Sremska Kamenica", "mz:sk": "Sremska Kamenica", "mz:en": "Sremska Kamenica", "position": "Код окретнице ГСП-а у Карађорђевој улици", "position:sr": "Kod okretnice GSP-a u Karađorđevoj ulici", "position:hu": "A GSP buszfordulójánál a Karađorđeva utcában", "position:sk": "Pri točni GSP v Karađorđevej ulici", "position:en": "Near the GSP bus turnaround in Karađorđeva street", "date_from": "13.08.2026.", "date_to": "14.08.2026.", "date_from:sr": "13.08.2026.", "date_to:sr": "14.08.2026.", "date_from:hu": "2026.08.13", "date_to:hu": "2026.08.14", "date_from:sk": "13.08.2026", "date_to:sk": "14.08.2026", "date_from:en": "13/08/2026", "date_to:en": "14/08/2026" }, "geometry": { "type": "Point", "coordinates": [ 19.837051368265868, 45.224020721079846 ] } },
{ "type": "Feature", "properties": { "fid": 144, "Rbr": 144, "week": 33, "mz_num": 47, "mz": "Сремска Каменица", "mz:sr": "Sremska Kamenica", "mz:hu": "Sremska Kamenica", "mz:sk": "Sremska Kamenica", "mz:en": "Sremska Kamenica", "position": "Угао улица Марка Орешковића и Светосавске", "position:sr": "Ugao ulica Marka Oreškovića i Svetosavske", "position:hu": "A Marko Orešković és a Svetosavska utcák sarka", "position:sk": "Roh ulíc Marka Oreškovića a Svetosavskej", "position:en": "Corner of Marko Orešković and Svetosavska streets", "date_from": "13.08.2026.", "date_to": "14.08.2026.", "date_from:sr": "13.08.2026.", "date_to:sr": "14.08.2026.", "date_from:hu": "2026.08.13", "date_to:hu": "2026.08.14", "date_from:sk": "13.08.2026", "date_to:sk": "14.08.2026", "date_from:en": "13/08/2026", "date_to:en": "14/08/2026" }, "geometry": { "type": "Point", "coordinates": [ 19.848528991894465, 45.219845747918932 ] } },
{ "type": "Feature", "properties": { "fid": 145, "Rbr": 145, "week": 33, "mz_num": 47, "mz": "Сремска Каменица", "mz:sr": "Sremska Kamenica", "mz:hu": "Sremska Kamenica", "mz:sk": "Sremska Kamenica", "mz:en": "Sremska Kamenica", "position": "На уласку у насеље Татарско Брдо, Бранислава Букурова", "position:sr": "Na ulasku u naselje Tatarsko Brdo, Branislava Bukurova", "position:hu": "A Tatarsko Brdo lakótelep bejáratánál, Branislav Bukurov utca", "position:sk": "Na vstupe do sídliska Tatarsko Brdo, Ulica Branislava Bukurova", "position:en": "At the entrance to the Tatarsko Brdo neighborhood, Branislava Bukurova street", "date_from": "13.08.2026.", "date_to": "14.08.2026.", "date_from:sr": "13.08.2026.", "date_to:sr": "14.08.2026.", "date_from:hu": "2026.08.13", "date_to:hu": "2026.08.14", "date_from:sk": "13.08.2026", "date_to:sk": "14.08.2026", "date_from:en": "13/08/2026", "date_to:en": "14/08/2026" }, "geometry": { "type": "Point", "coordinates": [ 19.862918296941277, 45.224896072838597 ] } },
{ "type": "Feature", "properties": { "fid": 146, "Rbr": 146, "week": 33, "mz_num": 47, "mz": "Сремска Каменица", "mz:sr": "Sremska Kamenica", "mz:hu": "Sremska Kamenica", "mz:sk": "Sremska Kamenica", "mz:en": "Sremska Kamenica", "position": "Улица Др Кетрин Макфел - код окретнице", "position:sr": "Ulica Dr Ketrin Makfel - kod okretnice", "position:hu": "Dr Ketrin Makfel utca - a buszfordulónál", "position:sk": "Ulica Dr. Ketrin Makfel - pri točni", "position:en": "Dr Ketrin Makfel street - near the bus turnaround", "date_from": "13.08.2026.", "date_to": "14.08.2026.", "date_from:sr": "13.08.2026.", "date_to:sr": "14.08.2026.", "date_from:hu": "2026.08.13", "date_to:hu": "2026.08.14", "date_from:sk": "13.08.2026", "date_to:sk": "14.08.2026", "date_from:en": "13/08/2026", "date_to:en": "14/08/2026" }, "geometry": { "type": "Point", "coordinates": [ 19.849471131855569, 45.211834005685709 ] } },
{ "type": "Feature", "properties": { "fid": 147, "Rbr": 147, "week": 33, "mz_num": 48, "mz": "Лединци", "mz:sr": "Ledinci", "mz:hu": "Ledinci", "mz:sk": "Ledinci", "mz:en": "Ledinci", "position": "Змај Јовина улица, окретница аутобуса у центру насеља", "position:sr": "Zmaj Jovina ulica, okretnica autobusa u centru naselja", "position:hu": "Zmaj Jovina utca, buszforduló a település központjában", "position:sk": "Zmaj Jovina ulica, točňa autobusov v centre sídliska", "position:en": "Zmaj Jovina street, bus turnaround in the neighborhood center", "date_from": "15.08.2026.", "date_to": "16.08.2026.", "date_from:sr": "15.08.2026.", "date_to:sr": "16.08.2026.", "date_from:hu": "2026.08.15", "date_to:hu": "2026.08.16", "date_from:sk": "15.08.2026", "date_to:sk": "16.08.2026", "date_from:en": "15/08/2026", "date_to:en": "16/08/2026" }, "geometry": { "type": "Point", "coordinates": [ 19.804694615755906, 45.209757887309884 ] } },
{ "type": "Feature", "properties": { "fid": 148, "Rbr": 148, "week": 33, "mz_num": 48, "mz": "Лединци", "mz:sr": "Ledinci", "mz:hu": "Ledinci", "mz:sk": "Ledinci", "mz:en": "Ledinci", "position": "Почетак улице Војводе Синђелића", "position:sr": "Početak ulice Vojvode Sinđelića", "position:hu": "A Vojvode Sinđelića utca eleje", "position:sk": "Začiatok Ulice Vojvode Sinđelića", "position:en": "Beginning of Vojvode Sinđelića street", "date_from": "15.08.2026.", "date_to": "16.08.2026.", "date_from:sr": "15.08.2026.", "date_to:sr": "16.08.2026.", "date_from:hu": "2026.08.15", "date_to:hu": "2026.08.16", "date_from:sk": "15.08.2026", "date_to:sk": "16.08.2026", "date_from:en": "15/08/2026", "date_to:en": "16/08/2026" }, "geometry": { "type": "Point", "coordinates": [ 19.800746296175365, 45.207813924313243 ] } },
{ "type": "Feature", "properties": { "fid": 149, "Rbr": 149, "week": 33, "mz_num": 48, "mz": "Лединци", "mz:sr": "Ledinci", "mz:hu": "Ledinci", "mz:sk": "Ledinci", "mz:en": "Ledinci", "position": "Раскрсница улица Војводе Мишића и Козарачке", "position:sr": "Raskrsnica ulica Vojvode Mišića i Kozaračke", "position:hu": "A Vojvode Mišića és a Kozaračka utcák sarka", "position:sk": "Križovatka ulíc Vojvode Mišića a Kozaračkej", "position:en": "Intersection of Vojvode Mišića and Kozaračka streets", "date_from": "15.08.2026.", "date_to": "16.08.2026.", "date_from:sr": "15.08.2026.", "date_to:sr": "16.08.2026.", "date_from:hu": "2026.08.15", "date_to:hu": "2026.08.16", "date_from:sk": "15.08.2026", "date_to:sk": "16.08.2026", "date_from:en": "15/08/2026", "date_to:en": "16/08/2026" }, "geometry": { "type": "Point", "coordinates": [ 19.802688838146427, 45.211537011338983 ] } },
{ "type": "Feature", "properties": { "fid": 150, "Rbr": 150, "week": 33, "mz_num": 48, "mz": "Лединци", "mz:sr": "Ledinci", "mz:hu": "Ledinci", "mz:sk": "Ledinci", "mz:en": "Ledinci", "position": "Улица Дунавска 23-25", "position:sr": "Ulica Dunavska 23 - 25", "position:hu": "Dunavska utca 23 - 25.", "position:sk": "Dunajská ulica 23 - 25", "position:en": "23 - 25 Dunavska street", "date_from": "15.08.2026.", "date_to": "16.08.2026.", "date_from:sr": "15.08.2026.", "date_to:sr": "16.08.2026.", "date_from:hu": "2026.08.15", "date_to:hu": "2026.08.16", "date_from:sk": "15.08.2026", "date_to:sk": "16.08.2026", "date_from:en": "15/08/2026", "date_to:en": "16/08/2026" }, "geometry": { "type": "Point", "coordinates": [ 19.798987066504417, 45.212776145646785 ] } },
{ "type": "Feature", "properties": { "fid": 151, "Rbr": 151, "week": 34, "mz_num": 49, "mz": "Стари Лединци", "mz:sr": "Stari Ledinci", "mz:hu": "Stari Ledinci", "mz:sk": "Stari Ledinci", "mz:en": "Stari Ledinci", "position": "Улица Вука Караџића 100", "position:sr": "Ulica Vuka Karadžića 100", "position:hu": "Vuka Karadžića utca 100.", "position:sk": "Ulica Vuka Karadžića 100", "position:en": "100 Vuka Karadžića street", "date_from": "17.08.2026.", "date_to": "18.08.2026.", "date_from:sr": "17.08.2026.", "date_to:sr": "18.08.2026.", "date_from:hu": "2026.08.17", "date_to:hu": "2026.08.18", "date_from:sk": "17.08.2026", "date_to:sk": "18.08.2026", "date_from:en": "17/08/2026", "date_to:en": "18/08/2026" }, "geometry": { "type": "Point", "coordinates": [ 19.803528664265592, 45.186548276473481 ] } },
{ "type": "Feature", "properties": { "fid": 152, "Rbr": 152, "week": 34, "mz_num": 49, "mz": "Стари Лединци", "mz:sr": "Stari Ledinci", "mz:hu": "Stari Ledinci", "mz:sk": "Stari Ledinci", "mz:en": "Stari Ledinci", "position": "Карађорђева улица - код окретнице аутобуса", "position:sr": "Karađorđeva ulica - kod okretnice autobusa", "position:hu": "Karađorđeva utca - a buszfordulónál", "position:sk": "Karađorđeva ulica - pri točni autobusov", "position:en": "Karađorđeva street - near the bus turnaround", "date_from": "17.08.2026.", "date_to": "18.08.2026.", "date_from:sr": "17.08.2026.", "date_to:sr": "18.08.2026.", "date_from:hu": "2026.08.17", "date_to:hu": "2026.08.18", "date_from:sk": "17.08.2026", "date_to:sk": "18.08.2026", "date_from:en": "17/08/2026", "date_to:en": "18/08/2026" }, "geometry": { "type": "Point", "coordinates": [ 19.804024602193827, 45.178489640396016 ] } },
{ "type": "Feature", "properties": { "fid": 153, "Rbr": 153, "week": 34, "mz_num": 49, "mz": "Стари Лединци", "mz:sr": "Stari Ledinci", "mz:hu": "Stari Ledinci", "mz:sk": "Stari Ledinci", "mz:en": "Stari Ledinci", "position": "Улица Вука Караџића 30", "position:sr": "Ulica Vuka Karadžića 30", "position:hu": "Vuka Karadžića utca 30.", "position:sk": "Ulica Vuka Karadžića 30", "position:en": "30 Vuka Karadžića street", "date_from": "17.08.2026.", "date_to": "18.08.2026.", "date_from:sr": "17.08.2026.", "date_to:sr": "18.08.2026.", "date_from:hu": "2026.08.17", "date_to:hu": "2026.08.18", "date_from:sk": "17.08.2026", "date_to:sk": "18.08.2026", "date_from:en": "17/08/2026", "date_to:en": "18/08/2026" }, "geometry": { "type": "Point", "coordinates": [ 19.807548035125247, 45.193796927969011 ] } },
{ "type": "Feature", "properties": { "fid": 154, "Rbr": 154, "week": 34, "mz_num": 49, "mz": "Стари Лединци", "mz:sr": "Stari Ledinci", "mz:hu": "Stari Ledinci", "mz:sk": "Stari Ledinci", "mz:en": "Stari Ledinci", "position": "Насеље „Клиса“ - Проте Матеје Ненадовића", "position:sr": "Naselje „Klisa“ - Prote Mateje Nenadovića", "position:hu": "Klisa lakótelep - Prota Mateja Nenadović utca", "position:sk": "Sídlisko „Klisa“ - Ulica Prote Mateje Nenadovića", "position:en": "Klisa neighborhood - Prote Mateje Nenadovića street", "date_from": "17.08.2026.", "date_to": "18.08.2026.", "date_from:sr": "17.08.2026.", "date_to:sr": "18.08.2026.", "date_from:hu": "2026.08.17", "date_to:hu": "2026.08.18", "date_from:sk": "17.08.2026", "date_to:sk": "18.08.2026", "date_from:en": "17/08/2026", "date_to:en": "18/08/2026" }, "geometry": { "type": "Point", "coordinates": [ 19.806294690561618, 45.184878571414231 ] } }
]
}
